Compound,SMILES,mz,BW_CCS,N2SV1500,N2SV2000,N2SV2500,N2SV3000,N2SV3250,N2SV3500,N2SV3750,N2SV4000,MeOHSV1500,MeOHSV2000,MeOHSV2500,MeOHSV3000,MeOHSV3250,MeOHSV3500,MeOHSV3750,MeOHSVSV4000,LogWS_pred,WS_predRange
5-Cl-MQOH,Cc1ccc2c(Cl)ccc(O)c2n1,194.04,138.66,0.10,0.10,0.30,0.50,0.91,1.60,2.57,3.80,-3.20,-7.30,-13.50,-20.20,-23.10,-25.30,-26.60,-27.30,-2.84,[-3.65:-2.04]
5-CN-MQOH,Cc1ccc2c(ccc(O)c2n1)C#N,185.07,132.21,0.10,0.10,-0.20,-0.30,-0.14,0.20,0.77,1.60,-3.00,-6.50,-12.10,-19.60,-23.50,-27.30,-30.80,-33.20,-3.28,[-3.85:-2.71]
5-F-MQOH,Cc1ccc2c(F)ccc(O)c2n1,178.07,127.47,-0.20,-0.40,-0.50,-0.30,0.08,0.70,1.60,2.80,-3.80,-8.60,-15.40,-22.40,-25.10,-27.20,-28.30,-28.10,-2.24,[-2.59:-1.89]
5-Me-MQOH,Cc1ccc2c(C)ccc(O)c2n1,174.09,129.45,-0.20,-0.20,0.00,0.80,1.47,2.40,3.65,5.30,-3.70,-8.10,-13.70,-18.50,-19.90,-20.40,-20.40,-18.70,-2.95,[-3.78:-2.12]
5-NO2-MQOH,Cc1ccc2c(ccc(O)c2n1)[N+]([O-])=O,205.06,137.66,0.20,-0.10,0.00,-0.40,-0.34,0.00,0.59,1.40,-2.70,-5.90,-10.70,-17.50,-21.50,-25.20,-28.60,-31.50,-3.96,[-4.04:-3.88]
5-OMe-MQOH,COc1ccc(O)c2nc(C)ccc12,190.09,131.33,-0.10,-0.10,0.20,1.10,1.82,2.80,4.10,5.80,-3.70,-7.70,-12.60,-15.70,-16.60,-16.90,-15.30,-14.20,-2.9,[-3.45:-2.35]
6-Cl-MQOH,Cc1ccc2cc(Cl)cc(O)c2n1,194.04,139.83,0.10,-0.10,-0.30,0.10,0.58,1.30,2.35,3.80,-3.00,-7.00,-13.30,-20.70,-24.20,-27.20,-29.60,-30.70,-3.11,[-3.86:-2.36]
6-CN-MQOH,Cc1ccc2cc(cc(O)c2n1)C#N,185.07,132.72,0.10,0.00,-0.80,-1.30,-1.23,-0.90,-0.27,0.70,-3.00,-6.70,-12.30,-20.10,-24.40,-28.70,-32.40,-35.60,-3.25,[-3.99:-2.51]
6-F-MQOH,Cc1ccc2cc(F)cc(O)c2n1,178.07,129.26,0.00,-0.30,-0.80,-0.50,-0.03,0.70,1.75,3.20,-3.30,-7.40,-14.10,-22.20,-25.90,-29.00,-31.50,-32.70,-2.24,[-2.58:-1.9]
6-Me-MQOH,Cc1cc(O)c2nc(C)ccc2c1,174.09,129.62,-0.20,-0.20,0.10,1.00,1.81,2.90,4.29,6.00,-3.80,-8.60,-14.40,-19.70,-21.00,-22.00,-21.50,-20.60,-2.95,[-3.79:-2.11]
6-NO2-MQOH,Cc1ccc2cc(cc(O)c2n1)[N+]([O-])=O,205.06,139.37,0.20,-0.10,-0.30,-1.20,-1.29,-1.00,-0.39,0.50,-3.00,-6.30,-11.40,-18.50,-22.60,-26.70,-30.50,-33.80,-3.58,[-4.42:-2.6]
6-OMe-MQOH,COc1cc(O)c2nc(C)ccc2c1,190.09,132.90,-0.10,-0.10,0.20,1.20,1.98,3.00,4.35,6.10,-3.40,-7.70,-13.60,-19.00,-20.80,-22.10,-22.50,-21.20,-2.9,[-3.45:-2.35]
7-Cl-MQOH,Cc1ccc2ccc(Cl)c(O)c2n1,194.04,136.88,0.00,0.00,0.10,0.70,1.37,2.30,3.48,4.90,-3.70,-7.40,-11.00,-13.00,-13.20,-13.10,-11.80,-10.20,-3.52,[-3.85:-3.19]
7-CN-MQOH,Cc1ccc2ccc(C#N)c(O)c2n1,185.07,130.92,0.20,0.10,-0.50,-0.40,-0.10,0.40,1.18,2.30,-2.70,-6.00,-11.50,-19.40,-23.40,-27.10,-30.40,-33.00,-3.32,[-4.04:-2.6]
7-F-MQOH,Cc1ccc2ccc(F)c(O)c2n1,178.07,128.01,-0.20,-0.40,-0.40,0.00,0.56,1.40,2.52,3.90,-4.00,-9.00,-15.40,-21.30,-23.40,-24.40,-24.30,-23.40,-2.6,[-3.6:-1.6]
7-Me-MQOH,Cc1ccc2ccc(C)c(O)c2n1,174.09,128.85,-0.10,-0.10,0.20,0.90,1.59,2.60,3.96,5.70,-3.70,-7.10,-9.90,-10.90,-10.70,-10.10,-8.40,-6.00,-2.88,[-3.74:-2.02]
7-NO2-MQOH,Cc1ccc2ccc(c(O)c2n1)[N+]([O-])=O,205.06,135.95,0.00,-0.30,-0.70,-0.65,-0.39,0.10,0.90,2.10,-3.20,-7.10,-11.80,-15.40,-16.70,-17.10,-16.90,-15.90,-2.38,[-2.86:-1.9]
7-OMe-MQOH,COc1ccc2ccc(C)nc2c1O,190.09,131.90,-0.10,0.00,0.30,1.40,2.19,3.20,4.54,6.30,-2.50,-4.50,-5.80,-5.80,-5.30,-4.30,-2.80,-0.80,-2.3,[-3.03:-1.57]
A1a,Cn1ccc(NC(=O)Nc2cccc(c2)[N+]([O-])=O)n1,262.09,160.24,0.70,1.20,2.00,3.30,4.08,5.00,6.17,7.70,0.30,0.50,0.80,1.50,2.00,2.80,3.80,7.50,-3.87,[-4.65:-3.09]
A1b,Cn1nccc1NC(=O)Nc2cccc(c2)[N+]([O-])=O,262.09,158.21,0.80,1.40,2.30,3.70,4.53,5.50,6.67,8.10,-0.60,-1.60,-3.00,-4.40,-4.90,-5.40,-5.60,-5.90,-3.87,[-4.65:-3.09]
A2a,[O-][N+](=O)c1ccc(NC(=O)Nc2ccccn2)cc1,259.10,163.23,0.70,1.30,2.30,3.80,4.75,5.90,7.32,9.10,-1.70,-4.00,-6.20,-7.30,-7.20,-7.30,-6.20,-4.80,-3.84,[-4.48:-3.2]
A2b,[O-][N+](=O)c1ccc(NC(=O)Nc2ccncc2)cc1,259.10,166.65,1.00,1.30,2.30,3.70,4.64,5.80,7.21,8.90,-1.90,-4.90,-8.00,-10.20,-10.30,-10.40,-9.90,-9.30,-3.73,[-4.46:-3]
A3a,S=C(N\N=C\c1ccccn1)Nc2ccccn2,258.10,155.42,1.00,1.50,2.50,4.00,4.84,5.80,6.96,8.40,0.00,-0.40,-2.10,-3.60,-4.40,-5.20,-6.30,-6.50,-4.01,[-4.56:-3.46]
A3b,S=C(N/N=C/c1ccccn1)Nc2ccncc2,258.10,162.11,1.00,1.70,2.90,4.40,5.32,6.40,7.68,9.20,-0.50,-1.10,-1.90,-2.80,-3.50,-4.10,-4.60,-5.20,-3.74,[-4.38:-3.1]
A5a,Cc1onc(c1NC(=O)Nc2ccccn2)c3c(Cl)cccc3Cl,364.00,177.51,0.80,1.30,2.20,3.40,4.12,5.00,6.10,7.50,-0.30,-0.70,-1.20,-1.90,-2.40,-3.10,-3.80,-4.70,-4.51,[-5.73:-3.29]
A5b,Cc1onc(c1NC(=O)Nc2ccncc2)c3c(Cl)cccc3Cl,364.00,180.88,0.80,1.30,2.20,3.40,4.10,4.90,5.85,7.00,0.00,-0.30,-0.90,-1.50,-1.80,-2.10,-2.50,-3.00,-4.39,[-5.65:-3.13]
B2a,CCOC(=O)Nc1ccccc1C(=O)N2CCCCC2,277.16,163.17,0.70,1.30,2.50,4.20,5.33,6.70,8.38,10.40,-1.20,-2.80,-4.80,-6.50,-6.80,-6.70,-6.10,-4.80,-3.34,[-4.13:-2.55]
B2b,CCOC(=O)Nc1ccc(cc1)C(=O)N2CCCCC2,277.16,169.03,0.90,1.50,2.40,3.40,4.04,4.90,6.11,7.80,-0.50,-1.40,-3.00,-5.10,-6.50,-8.30,-10.40,-12.60,-2.76,[-3.61:-1.91]
B3a,CN(Cc1ccccc1)C(=O)c2ccccc2NC(=O)c3occc3,335.10,171.45,0.80,1.40,2.50,4.30,5.45,6.80,8.40,10.30,-0.40,-1.10,-2.00,-2.60,-2.50,-2.20,-1.40,-0.20,-5.29,[-6.62:-4.26]
B3b,CN(Cc1ccccc1)C(=O)c2cccc(NC(=O)c3occc3)c2,335.10,184.49,0.80,1.50,2.50,4.00,4.83,5.80,7.04,8.70,0.50,1.00,1.80,3.00,3.70,4.50,5.30,6.80,-4.94,[-5.68:-4.26]
B4a,O=C(N1CCCC1)c2ccccc2N[S](=O)(=O)c3ccc4ccccc4c3,381.10,191.67,0.80,1.30,2.20,3.50,4.40,5.50,6.80,8.30,-1.00,-2.70,-4.60,-6.30,-6.90,-7.40,-7.20,-6.90,-5.18,[-6.82:-3.54]
B4b,O=C(N1CCCC1)c2cccc(N[S](=O)(=O)c3ccc4ccccc4c3)c2,381.10,183.77,0.90,1.70,2.80,4.40,5.38,6.50,7.80,9.30,0.00,0.00,0.30,1.10,1.60,2.50,3.40,4.30,-5.06,[-6.76:-3.36]
C1a,FC(F)(F)Oc1ccc(CNC(=O)C2=CC=CN(Cc3ccccc3)C2=O)cc1,403.13,189.09,0.30,0.80,1.20,1.30,1.74,2.50,3.48,4.60,-2.30,-4.90,-8.40,-12.00,-13.70,-14.80,-15.60,-16.10,-5.38,[-7.68:-3.08]
C1b,FC(F)(F)Oc1ccc(CNC(=O)C2=CN(Cc3ccccc3)C(=O)C=C2)cc1,403.13,184.98,0.60,1.10,1.80,2.00,2.23,2.70,3.50,4.70,-1.90,-4.50,-7.80,-11.60,-13.80,-16.00,-18.80,-21.70,-5.31,[-7.6:-3.02]
C2a,CCCCN1CCC(CC1)CNC(=O)C2=CC(=CNC2=O)Cl,326.16,170.04,0.20,0.20,0.20,0.10,0.30,0.70,1.22,1.80,-4.60,-7.80,-11.10,-12.70,-13.70,-14.20,-14.30,-13.90,-3.63,[-4.71:-2.55]
C2b,CCCCN1CCC(CC1)CNC(=O)C2=CNC(=O)C(=C2)Cl,326.16,172.79,0.30,0.40,0.40,0.40,0.81,1.50,2.37,3.30,-0.80,-2.20,-4.30,-6.70,-7.90,-8.90,-9.70,-10.30,-4.02,[-4.8:-3.24]
C3a,FC(F)(F)c1ccc(nc1)N2CC(C2)NC(=O)C3=CN(Cc4ccccc4)C=CC3=O,429.15,206.32,0.40,0.90,1.70,2.60,3.31,4.30,5.64,7.40,-0.20,0.00,-2.70,-3.40,-3.50,-3.60,-3.50,-2.60,-5.08,[-6.17:-4]
C3b,FC(F)(F)c1ccc(nc1)N2CC(C2)NC(=O)C3=CN(Cc4ccccc4)C(=O)C=C3,429.15,201.18,0.40,0.60,1.00,1.70,2.37,3.30,4.48,5.90,-1.40,-3.70,-7.50,-12.90,-16.10,-19.20,-22.20,-24.90,-5.16,[-6.23:-4.09]
C4a,NC(=N)c1ccc(CNC(=O)C2=CC=CN(Cc3cccc(c3)C(F)(F)F)C2=O)cc1,429.15,196.35,0.40,0.80,1.40,2.30,3.00,3.90,5.03,6.40,-1.20,-2.90,-4.50,-5.70,-5.80,-5.60,-5.10,-4.50,-2.15,[-3.6:-0.7]
C4b,NC(=N)c1ccc(CNC(=O)C2=CN(Cc3cccc(c3)C(F)(F)F)C(=O)C=C2)cc1,429.15,198.58,0.60,1.00,1.70,2.40,2.70,3.10,3.75,4.80,-1.00,-2.40,-4.20,-6.10,-7.30,-8.10,-10.20,-12.10,-2.15,[-3.6:-0.7]
C5a,O=C(NC(Cc1ccccc1)c2ccncc2)C3=CC=CN(Cc4ccccc4)C3=O,410.19,215.77,0.70,1.30,2.20,3.70,4.62,5.70,7.03,8.70,-0.60,-1.50,-2.30,-2.50,-2.30,-1.60,-0.70,0.60,-6.17,[-7.06:-5.28]
C5b,O=C(NC(Cc1ccccc1)c2ccncc2)C3=CN(Cc4ccccc4)C(=O)C=C3,410.19,216.66,0.90,1.10,1.90,3.00,3.71,4.60,5.71,7.10,-0.60,-1.50,-3.00,-5.10,-6.40,-8.00,-9.60,-11.30,-5.87,[-6.8:-4.94]
CRG1a,CN(C(=O)C=C)c1ccccc1,162.10,129.08,0.40,1.00,2.00,3.50,4.99,6.60,7.71,7.70,-4.00,-8.30,-13.50,-26.30,-31.34,-34.60,-36.46,-37.30,-1.54,[-2.52:-0.82]
CRG1b,C=CC(=O)Nc1ccccn1,149.10,123.99,-0.30,-1.10,-1.50,-1.10,-0.48,0.50,1.90,3.80,-5.40,-12.10,-20.40,-27.00,-28.92,-29.80,-29.63,-28.40,-1.88,[-2.53:-1.26]
CRG1d,COc1ccc(NC(=O)C=C)cc1,178.10,135.22,0.70,1.10,2.10,3.80,4.61,6.00,8.79,13.80,-3.60,-8.50,-14.90,-21.60,-24.06,-25.60,-26.12,-25.50,-2.1,[-2.71:-1.49]
CRG1g,COc1cccc(NC(=O)C=C)c1,178.10,133.98,0.70,1.10,2.20,3.90,4.91,6.50,9.27,13.80,-3.10,-7.40,-14.00,-23.30,-28.86,-34.60,-40.07,-44.80,-2.1,[-2.71:-1.49]
CRG2b,C=CC(=O)NCc1ccccc1,162.10,131.80,0.50,1.00,1.70,3.20,3.77,4.40,5.48,7.40,-3.60,-8.30,-14.90,-22.90,-27.64,-32.90,-38.61,-44.70,-1.33,[-2.37:-0.29]
CRG2c,OC1CCN(C1)C(=O)C=C,142.10,121.79,0.30,0.70,1.60,3.50,4.61,5.80,7.12,8.60,-4.10,-8.40,-13.80,-21.50,-26.70,-32.40,-38.00,-42.90,0.28,[-0.92:0.93]
CRG2d,CC1CCCN1C(=O)C=C,140.10,121.90,0.60,0.90,1.90,4.40,5.53,6.70,8.27,10.60,-3.70,-7.70,-13.10,-21.80,-27.28,-32.90,-38.02,-42.00,-0.45,[-1.08:0.18]
CRG3b,C/C=C/C(=O)Nc1ccccc1,162.10,131.54,0.70,1.00,2.20,4.00,5.80,8.00,10.15,11.80,-4.00,-9.10,-16.90,-27.30,-33.28,-39.30,-44.84,-49.40,-1.88,[-2.15:-1.58]
CRG3g,CNC(=O)\C=C\C,100.10,113.24,0.10,0.50,1.40,3.40,5.14,7.10,8.86,10.00,-6.60,-14.70,-25.00,-37.50,-44.88,-53.10,-62.18,-72.14,-0.04,[-1.04:0.96]
CRG4a,CNC(=O)/C=C/COC,130.10,122.23,0.10,0.50,1.50,3.40,4.79,6.20,7.26,7.60,-4.40,-10.10,-17.60,-26.00,-30.86,-36.10,-41.54,-47.00,-0.43,[-1.58:0.72]
CRG4b,CNC(=O)/C=C/OC,116.10,116.07,0.30,0.90,1.70,3.80,5.29,7.10,9.31,12.00,-6.10,-13.50,-22.70,-34.60,-39.39,-43.70,-48.53,-54.90,-0.38,[-1.32:0.56]
MQOH,Cc1ccc2ccccc2n1,160.08,125.75,-0.40,-0.60,-0.70,-0.40,0.06,0.80,1.89,3.40,-4.10,-9.40,-16.20,-22.30,-24.70,-26.20,-26.00,-25.00,-2.36,[-3.1:-1.62]
3-Hydroxycarbofuran,Cc1ccc2ccccc2n1,238.11,147.55,0.43,1.11,2.00,3.40,4.53,6.21,7.68,9.94,-2.62,-3.99,-6.96,-9.93,-11.50,-14.20,-13.22,-8.13,-2.36,[-3.1:-1.62]
7-aminoclonazepam,Nc1ccc2NC(=O)CN=C(c3ccccc3Cl)c2c1,286.10,162.91,0.43,0.80,1.78,3.06,3.92,5.04,6.54,8.53,-1.90,-3.30,-5.70,-8.70,-1.20,-11.80,-13.60,-14.70,-3.86,[-4.38:-3.34]
Acibenzolar-S-methyl,CSC(=O)c1cccc2nnsc12,211.00,134.84,0.40,0.79,1.30,2.25,3.00,3.91,4.96,6.33,-0.89,-1.70,-3.21,-4.72,-5.55,-6.41,-7.63,-9.19,-4.44,[-4.51:-4.37]
Aldicarb sulfone,CNC(=O)O\N=C\C(C)(C)[S](C)(=O)=O,223.08,140.00,-0.23,0.70,2.41,4.14,5.08,7.11,8.88,10.83,-1.25,-1.67,-0.71,0.25,1.88,2.60,3.94,6.00,-1.68,[-1.77:-1.59]
Ametryn,CCNc1nc(NC(C)C)nc(SC)n1,228.13,151.92,0.44,1.15,2.38,4.04,5.07,6.37,7.67,9.29,-1.33,-2.49,-4.77,-7.06,-8.17,-8.76,-9.35,-9.18,-3.05,[-3.11:-2.99]
Aminocarb,CNC(=O)Oc1ccc(N(C)C)c(C)c1,209.13,148.55,0.27,0.50,0.79,1.62,2.36,3.21,4.46,6.03,-3.18,-5.63,-9.31,-13.00,-14.26,-15.37,-16.30,-15.48,-2.36,[-2.41:-2.31]
Amitraz,CN(C=Nc1ccc(C)cc1C)C=Nc2ccc(C)cc2C,294.20,177.58,0.43,1.14,2.37,4.10,5.22,6.67,8.12,9.84,0.26,0.41,1.33,2.25,3.13,4.07,5.37,7.03,-5.72,[-5.78:-5.66]
Azoxystrobin,CO\C=C(C(=O)OC)/c1ccccc1Oc2cc(Oc3ccccc3C#N)ncn2,404.13,203.24,0.66,1.65,3.14,5.46,7.03,8.77,10.78,13.03,0.06,0.03,0.23,0.43,0.83,1.50,2.17,3.19,-4.8,[-4.88:-4.72]
Benalaxyl,COC(=O)C(C)N(C(=O)Cc1ccccc1)c2c(C)cccc2C,326.18,170.29,0.11,0.69,1.54,3.05,4.29,6.05,7.60,9.40,-1.97,-3.50,-6.17,-8.83,-9.83,-10.60,-10.65,-10.33,-3.99,[-4.03:-3.98]
Benzoximate,CCN(OC(=O)c1ccccc1)C(=O)c2c(OC)ccc(Cl)c2OC,364.08,183.71,0.44,1.08,1.87,3.89,5.37,6.19,7.83,9.65,-1.15,-1.90,-3.21,-4.52,-4.75,-4.32,-3.6,-2.1,-4.66,[-5.03:-4.29]
Bifenazate,COc1ccc(cc1NNC(=O)OC(C)C)c2ccccc2,301.16,175.70,0.28,0.77,1.51,2.72,3.58,4.62,5.66,7.02,-1.14,-1.97,-4.03,-6.09,-7.48,-8.87,-10.30,-12.41,-5.03,[-5.08:-4.98]
Bitertanol,CC(C)(C)C(O)C(Oc1ccc(cc1)c2ccccc2)n3cncn3,338.19,191.72,-0.01,0.80,2.48,4.61,5.76,7.21,8.66,10.46,-0.50,-0.94,-1.62,-2.30,-2.67,-3.13,-3.68,-4.40,-4.89,[-4.94:-4.84]
Boscalid,Clc1ccc(cc1)c2ccccc2NC(=O)c3cccnc3Cl,343.04,175.16,0.41,0.89,1.71,2.96,3.76,4.72,5.89,7.21,-1.43,-2.61,-3.44,-4.27,-5.93,-6.82,-7.71,-8.19,-4.98,[-6.06:-3.9]
Bupirimate,CCCCc1c(C)nc(NCC)nc1O[S](=O)(=O)N(C)C,317.17,178.73,0.13,0.87,2.22,4.13,5.34,6.92,8.50,10.31,-0.95,-1.84,-3.66,-5.48,-6.57,-7.45,-7.98,-8.23,-4.21,[-4.25:-4.17]
Buprofezin,CC(C)N1C(=O)N(CSC1=NC(C)(C)C)c2ccccc2,306.17,172.88,0.38,1.15,2.31,4.01,5.06,6.17,7.59,9.07,0.49,0.89,2.11,3.34,4.34,5.64,6.93,8.84,-5.67,[-5.7:-5.64]
Butafenacil,CN1C(=O)N(C(=O)C=C1C(F)(F)F)c2ccc(Cl)c(c2)C(=O)OC(C)(C)C(=O)OCC=C,475.09,205.65,0.25,0.94,2.45,4.57,5.78,7.17,8.71,10.37,0.28,0.34,0.54,0.75,0.98,1.18,1.25,1.56,-4.68,[-4.76:-4.6]
Butoxycarboxim,CNC(=O)O\N=C(/C)C(C)[S](C)(=O)=O,223.08,141.54,0.00,0.33,1.12,2.74,3.83,4.74,6.39,8.33,-0.62,-0.61,-0.04,0.53,1.02,1.47,1.15,0.45,-0.03,[-0.14:0.08]
Carbendazim,COC(=O)Nc1[nH]c2ccccc2n1,192.08,135.72,0.30,0.90,2.02,3.74,4.92,6.58,8.36,10.33,-3.25,-5.77,-10.80,-15.84,-19.58,-23.39,-26.94,-30.07,-4.1,[-4.1:-4.02]
Carbetamide,CCNC(=O)[C@H](C)OC(=O)Nc1ccccc1,237.12,155.76,0.26,0.67,1.40,2.79,3.80,4.92,6.42,8.22,-4.33,-7.59,-13.93,-20.27,-22.97,-25.29,-25.97,-27.30,-1.84,[-1.88:-1.8]
Carbofuran,CNC(=O)Oc1cccc2CC(C)(C)Oc12,222.11,142.47,0.48,1.34,2.79,4.90,6.21,7.72,9.45,11.39,-3.65,-6.42,-13.27,-20.13,-23.95,-27.81,-31.03,-33.12,-2.76,[-2.89:-2.63]
Carboxin,CC1=C(SCCO1)C(=O)Nc2ccccc2,236.08,145.35,0.45,1.04,2.17,3.59,4.39,5.52,6.65,8.00,-2.90,-5.05,-9.22,-13.39,-15.20,-17.09,-18.10,-17.89,-3.16,[-3.26:-3.06]
Carfentrazone-ethyl,CCOC(=O)C(Cl)Cc1cc(N2N=C(C)N(C(F)F)C2=O)c(F)cc1Cl,412.04,177.99,0.28,0.70,1.40,2.56,3.33,4.01,4.68,5.97,-0.67,-0.97,-1.46,-1.96,-1.44,-0.90,-0.39,0.50,-4.27,[-4.29:-4.25]
Chlorfluazuron,Fc1cccc(F)c1C(=O)NC(=O)Nc2cc(Cl)c(Oc3ncc(cc3Cl)C(F)(F)F)c(Cl)c2,539.97,221.18,0.25,0.54,0.98,1.98,2.83,3.89,5.22,6.85,-0.10,-0.13,-0.76,-1.38,-1.79,-1.76,-1.73,-1.48,-7.53,[-7.55:-7.51]
Chloroxuron,CN(C)C(=O)Nc1ccc(Oc2ccc(Cl)cc2)cc1,291.09,174.19,0.78,1.59,2.87,4.80,6.07,7.61,9.27,11.14,-1.50,-2.70,-5.28,-7.86,-9.46,-10.94,-12.41,-13.59,-4.89,[-4.96:-4.82]
Chlortoluron,CN(C)C(=O)Nc1ccc(C)c(Cl)c1,213.08,144.78,0.20,0.65,1.38,2.73,3.66,4.64,6.13,7.64,-2.99,-5.17,-9.57,-13.97,-16.43,-18.92,-20.99,-23.98,-3.47,[-3.53:-3.41]
Clethodim,CCSC(C)CC1CC(=O)C(C(=O)C1)C(/CC)=N/OC\C=C\Cl,360.14,193.51,-0.17,-0.17,0.05,0.53,0.93,1.63,2.38,3.48,-0.45,-0.69,-1.35,-2.02,-2.69,-3.41,-4.21,-5.03,-1.83,[-1.93:-1.82]
Clofentezine,Clc1ccccc1c2nnc(nn2)c3ccccc3Cl,303.02,157.81,0.39,1.04,2.06,3.50,4.42,5.63,7.17,8.74,-1.64,-1.99,-3.61,-5.23,-6.34,-7.64,-9.05,-10.71,-6.37,[-6.38:-6.25]
Clothianidin,CN=C(NCc1sc(Cl)nc1)N[N+]([O-])=O,250.02,151.57,0.29,0.65,1.27,2.56,3.55,4.62,6.08,7.67,-3.45,-6.01,-10.28,-14.54,-16.89,-19.46,-22.16,-24.90,-2.98,[-3.53:-2.43]
Cycluron,CN(C)C(=O)NC1CCCCCCC1,199.18,143.91,0.42,1.00,2.00,3.67,4.82,6.21,7.93,9.87,-2.41,-4.21,-8.46,-12.72,-15.63,-18.47,-21.06,-23.28,-2.25,[-2.34:-2.16]
Cyproconazole,CC(C1CC1)C(O)(Cn2cncn2)c3ccc(Cl)cc3,292.12,166.83,0.44,1.12,2.39,4.45,5.86,7.47,9.13,11.39,-0.86,-1.58,-2.76,-3.94,-4.70,-5.63,-6.77,-8.10,-3.37,[-3.42:-3.36]
Cyprodinil,Cc1cc(nc(Nc2ccccc2)n1)C3CC3,226.14,151.36,0.45,0.95,1.93,3.50,4.68,6.42,7.92,9.71,-1.28,-2.36,-2.67,-2.99,-2.42,-1.57,-0.38,1.41,-4.24,[-4.3:-4.18]
Diclobutrazol,CC(C)(C)C(O)C(Cc1ccc(Cl)cc1Cl)n2cncn2,328.10,170.68,0.08,0.75,1.97,3.55,4.60,6.31,7.63,9.34,-0.82,-1.53,-2.63,-3.73,-4.33,-5.09,-6.02,-7.18,-4.56,[-4.59:-4.53]
Dicrotophos,CO[P](=O)(OC)OC(/C)=C/C(=O)N(C)C,238.08,149.58,0.40,0.82,1.51,2.49,3.11,3.89,4.80,5.92,0.07,0.40,1.91,3.42,3.90,4.84,6.29,6.75,0.62,[0.56:0.63]
Diethofencarb,CCOc1ccc(NC(=O)OC(C)C)cc1OCC,268.16,169.28,-1.02,-0.40,1.70,3.42,3.81,5.16,6.50,8.00,-0.45,-0.75,-2.29,-3.83,-5.08,-6.37,-7.10,-7.27,-3.99,[-4.06:-3.92]
Difenoconazole,CC1COC(Cn2cncn2)(O1)c3ccc(Oc4ccc(Cl)cc4)cc3Cl,406.07,201.15,0.00,0.25,0.85,2.13,2.99,3.81,5.51,7.55,-0.29,-0.65,-1.32,-1.99,-2.24,-2.53,-2.85,-3.24,-4.43,[-4.5:-4.43]
Dimethoate,CNC(=O)CS[P](=S)(OC)OC,230.01,140.98,0.48,1.32,2.71,4.80,6.18,7.88,9.57,11.49,-3.62,-6.24,-11.89,-17.54,-21.09,-24.64,-27.90,-30.24,-0.86,[-0.9:-0.82]
Dimethomorph,COc1ccc(cc1OC)C(=C\C(=O)N2CCOCC2)/c3ccc(Cl)cc3,388.13,193.58,0.38,0.86,1.68,2.93,3.78,4.86,6.06,7.44,-0.56,-1.11,-2.52,-3.92,-4.24,-4.26,-4.28,-3.88,-4.13,[-4.2:-4.13]
Dimoxystrobin,CNC(=O)C(=N/OC)\c1ccccc1COc2cc(C)ccc2C,327.17,179.21,0.18,0.73,1.93,3.70,4.95,6.96,8.74,11.03,-1.10,-1.79,-2.73,-3.67,-3.62,-3.15,-2.68,-1.80,-4.88,[-4.92:-4.84]
Diniconazole,CC(C)(C)C(O)\C(=C/c1ccc(Cl)cc1Cl)n2cncn2,326.08,171.73,0.21,0.52,1.07,2.14,2.96,3.97,5.30,6.84,-0.77,-1.45,-2.56,-3.67,-4.33,-5.11,-6.21,-7.35,-4.91,[-4.91:-4.87]
Diuron,CN(C)C(=O)Nc1ccc(Cl)c(Cl)c1,233.03,146.54,0.29,0.68,1.30,2.21,2.82,3.62,4.53,5.79,-3.05,-5.21,-9.22,-13.23,-15.59,-17.90,-22.50,-25.03,-3.76,[-3.83:-3.69]
Epoxiconazole,Fc1ccc(cc1)[C@@]2(Cn3cncn3)O[C@H]2c4ccccc4Cl,330.08,175.20,0.55,1.02,1.68,2.91,3.77,4.55,5.58,6.74,-0.94,-1.73,-2.90,-4.07,-4.72,-5.47,-6.44,-7.59,-4.85,[-5.65:-4.08]
Etaconazole,CCC1COC(Cn2cncn2)(O1)c3ccc(Cl)cc3Cl,328.06,171.72,0.40,0.87,1.60,2.79,3.59,4.49,5.74,7.02,-0.84,-1.54,-2.61,-3.68,-4.32,-5.03,-5.99,-7.17,-3.61,[-3.61:-3.58]
Ethiprole,CC[S](=O)c1c(N)n(nc1C#N)c2c(Cl)cc(cc2Cl)C(F)(F)F,396.99,180.91,0.27,0.97,2.17,3.66,4.48,5.52,6.57,7.79,-1.34,-2.18,-4.22,-6.27,-7.44,-8.48,-9.52,-10.26,-4.71,[-5.8:-3.62]
Ethirimol,CCCCC1=C(C)NC(=NC1=O)NCC,210.16,149.92,0.62,1.07,1.39,2.37,3.35,4.48,5.62,6.44,-3.33,-6.08,-11.11,-16.13,-18.63,-20.46,-22.29,-22.98,-2.93,[-4.11:-1.75]
Ethofumesate,CCOC1Oc2ccc(O[S](C)(=O)=O)cc2C1(C)C,287.10,169.63,0.45,0.99,1.92,3.46,4.42,5.40,7.15,9.40,-1.06,-1.91,-2.88,-3.86,-4.25,-4.62,-5.10,-5.80,-3.59,[-3.59:-3.54]
Etoxazole,CCOc1cc(ccc1C2COC(=N2)c3c(F)cccc3F)C(C)(C)C,360.19,185.73,0.57,1.38,2.72,4.82,6.24,7.91,9.58,11.56,-0.10,-0.22,0.09,0.40,1.07,2.14,3.21,4.81,-6.69,[-6.74:-6.64]
Famoxadon,CC1(OC(=O)N(Nc2ccccc2)C1=O)c3ccc(Oc4ccccc4)cc3,375.13,196.73,0.59,1.25,2.35,4.06,5.22,6.63,8.04,9.03,0.11,0.09,-0.16,-0.41,-0.70,-0.89,-1.09,-1.36,-6.69,[-6.75:-6.63]
Fenamidone,CSC1=N[C@](C)(C(=O)N1Nc2ccccc2)c3ccccc3,312.12,171.35,0.44,1.04,2.04,3.56,4.57,5.82,7.25,8.84,-1.44,-2.62,-4.55,-6.49,-7.14,-7.56,-7.64,-7.43,-4.6,[-4.63:-4.57]
Fenarimol,OC(c1ccc(Cl)cc1)(c2cncnc2)c3ccccc3Cl,331.04,174.42,0.42,0.92,1.69,2.58,3.08,3.83,4.59,5.80,-1.03,-1.95,-3.16,-4.37,-4.81,-5.39,-5.98,-6.88,-4.38,[-4.41:-4.35]
Fenazaquin,CC(C)(C)c1ccc(CCOc2ncnc3ccccc23)cc1,307.18,165.29,1.00,2.24,4.24,7.28,9.25,11.43,13.92,16.68,-0.09,-0.25,-1.15,-2.04,-2.63,-3.14,-3.50,-3.60,-5.46,[-6.84:-4.08]
Fenbuconazole,Clc1ccc(CCC(Cn2cncn2)(C#N)c3ccccc3)cc1,337.12,178.78,2.69,3.70,3.79,4.71,5.87,6.53,7.19,8.76,-0.74,-1.35,-2.24,-3.13,-3.38,-3.59,-3.80,-3.96,-5.95,[-5.95:-5.85]
Fenhexamid,CC1(CCCCC1)C(=O)Nc2ccc(O)c(Cl)c2Cl,302.07,160.33,0.60,1.23,2.25,3.79,4.79,5.97,7.46,9.04,-2.26,-3.69,-6.64,-9.59,-11.47,-13.42,-15.59,-17.69,-4.18,[-4.18:-4.09]
Fenobucarb,CCC(C)c1ccccc1OC(=O)NC,208.13,145.57,0.09,0.70,1.57,2.86,3.78,5.06,6.35,8.18,-3.43,-5.89,-10.52,-15.15,-17.47,-19.20,-20.94,-23.89,-2.63,[-2.67:-2.59]
Fenoxycarb,CCOC(=O)NCCOc1ccc(Oc2ccccc2)cc1,302.14,179.40,0.17,0.73,1.65,3.07,3.98,5.02,6.44,7.97,-2.25,-3.28,-6.16,-9.05,-10.26,-11.65,-12.18,-13.64,-4.68,[-4.68:-4.63]
Fenpropimorph,CC(CN1CC(C)OC(C)C1)Cc2ccc(cc2)C(C)(C)C,304.26,176.00,0.62,1.54,3.08,5.52,7.17,9.05,10.92,13.19,0.79,1.30,2.92,4.55,5.83,7.60,9.37,11.20,-4.85,[-4.94:-4.76]
Fenpyroximate,Cn1nc(C)c(\C=N\OCc2ccc(cc2)C(=O)OC(C)(C)C)c1Oc3ccccc3,422.21,200.82,0.55,1.31,2.54,4.21,5.24,6.53,7.83,9.28,0.32,0.49,0.78,1.07,1.45,1.91,2.38,3.03,-7.36,[-7.43:-7.29]
Fenuron,CN(C)C(=O)Nc1ccccc1,165.10,131.60,-0.93,-0.49,1.20,3.60,4.85,6.13,7.40,8.93,-4.31,-7.51,-14.32,-21.14,-24.46,-27.34,-29.34,-30.41,-1.61,[-1.65:-1.57]
Flufenacet,CC(C)N(C(=O)COc1sc(nn1)C(F)(F)F)c2ccc(F)cc2,364.08,173.62,0.47,1.28,2.37,4.31,5.67,6.93,8.48,10.42,-2.20,-3.95,-8.32,-12.70,-14.91,-16.78,-18.33,-19.07,-3.81,[-3.88:-3.74]
Fluoxastrobin,CO\N=C(C1=NOCCO1)/c2ccccc2Oc3ncnc(Oc4ccccc4Cl)c3F,459.09,212.64,0.55,1.22,2.27,3.83,4.86,6.10,7.35,8.90,0.29,0.38,0.69,1.00,1.30,1.98,2.66,3.85,-5.3,[-5.37:-5.23]
Fluquinconazole,Fc1ccc2N=C(n3cncn3)N(C(=O)c2c1)c4ccc(Cl)cc4Cl,376.02,173.60,1.76,2.35,2.36,3.03,3.86,4.25,4.65,5.79,0.75,1.33,2.39,3.45,4.47,5.32,6.77,8.26,-5.54,[-5.58:-5.5]
Flusilazole,C[Si](Cn1cncn1)(c2ccc(F)cc2)c3ccc(F)cc3,316.11,172.74,0.47,0.99,1.86,3.23,4.15,5.24,6.42,7.85,-0.73,-1.33,-2.09,-2.85,-3.13,-3.47,-3.93,-4.38,-3.83,[-3.92:-3.82]
Flutolanil,CC(C)Oc1cccc(NC(=O)c2ccccc2C(F)(F)F)c1,324.13,169.04,0.50,1.26,2.54,4.49,5.76,7.25,8.89,10.82,-1.06,-1.77,-3.74,-5.71,-7.08,-8.66,-10.42,-12.28,-4.61,[-4.65:-4.57]
Flutriafol,OC(Cn1cncn1)(c2ccc(F)cc2)c3ccccc3F,302.11,165.52,0.30,0.66,1.25,2.27,3.00,3.86,4.92,6.34,-1.22,-2.22,-3.74,-5.27,-6.31,-7.61,-9.07,-10.77,-3.4,[-3.45:-3.4]
Forchlorfenuron,Clc1cc(NC(=O)Nc2ccccc2)ccn1,248.06,153.43,0.34,0.70,1.32,2.42,3.21,4.17,5.36,6.83,-1.89,-3.44,-6.94,-10.45,-12.94,-15.54,-17.97,-20.11,-3.8,[-3.86:-3.74]
Fuberidazole,[nH]1c2ccccc2nc1c3occc3,185.07,132.88,0.29,0.25,-0.02,0.32,0.99,1.90,3.12,4.76,-5.25,-9.42,-17.21,-25.00,-28.54,-32.12,-35.33,-36.29,-3.41,[-3.41:-3.33]
Furalaxyl,COC(=O)C(C)N(C(=O)c1occc1)c2c(C)cccc2C,302.14,163.24,0.57,1.37,2.67,4.84,6.32,8.01,10.00,12.23,-3.02,-5.22,-8.00,-10.78,-11.30,-12.22,-11.29,-10.60,-3.13,[-3.26:-3.12]
Furathiocarb,CCCCOC(=O)N(C)SN(C)C(=O)Oc1cccc2CC(C)(C)Oc12,383.17,192.59,0.58,1.51,2.93,5.07,6.47,8.04,9.86,11.88,-0.43,-0.69,-0.10,0.50,1.75,2.75,4.65,6.56,-4.55,[-4.61:-4.49]
Hexaconazole,CCCCC(O)(Cn1cncn1)c2ccc(Cl)cc2Cl,314.08,171.85,0.38,0.83,1.59,2.78,3.59,4.55,5.66,7.00,-0.84,-1.55,-2.66,-3.77,-4.35,-5.10,-6.04,-7.10,-4.25,[-4.29:-4.21]
Hydramethylnon,CC1(C)CNC(=NC1)N\N=C(/C=C/c2ccc(cc2)C(F)(F)F)\C=C\c3ccc(cc3)C(F)(F)F,495.20,235.73,0.43,0.94,1.77,3.02,3.84,4.76,5.83,7.06,0.45,0.66,1.26,1.85,2.30,1.41,1.74,2.28,-7.49,[-7.88:-7.1]
Imidacloprid,[O-][N+](=O)NC1=NCCN1Cc2ccc(Cl)nc2,256.06,150.10,0.46,0.83,1.06,1.48,1.98,2.83,3.54,4.78,-1.87,-3.39,-5.32,-7.25,-7.95,-8.68,-9.49,-10.43,-2.83,[-4.56:-1.1]
Indoxacarb,COC(=O)N(C(=O)N1CO[C@]2(Cc3cc(Cl)ccc3C2=N1)C(=O)OC)c4ccc(OC(F)(F)F)cc4,528.08,210.52,0.60,1.33,2.54,4.47,5.71,6.96,8.49,10.32,-1.62,-2.92,-5.42,-7.92,-8.54,-9.13,-8.72,-7.95,-6.42,[-6.42:-6.33]
Ipconazole,CC(C)C1CCC(C1(CN2C=NC=N2)O)CC3=CC=C(C=C3)Cl  ,334.17,167.66,0.60,1.38,2.72,4.75,6.08,7.68,9.51,11.60,0.25,0.42,0.51,0.60,0.54,0.30,-0.08,-0.55,-4.68,[-4.68:-4.6]
Iprovalicarb,CC(C)OC(=O)N[C@H](C(C)C)C(=O)NC(C)c1ccc(C)cc1,321.22,184.97,0.50,1.30,2.57,4.46,5.71,7.28,8.93,10.79,-0.88,-1.49,-1.98,-2.47,-2.45,-1.75,-0.95,0.75,-4.26,[-4.32:-4.2]
Isoprocarb,CNC(=O)Oc1ccccc1C(C)C,194.12,140.40,-0.10,0.19,1.16,2.32,2.85,3.74,5.43,7.51,-4.05,-6.84,-10.03,-13.22,-13.07,-13.39,-12.41,-11.29,-2.77,[-2.82:-2.72]
Isoproturon,CC(C)c1ccc(NC(=O)N(C)C)cc1,207.15,150.35,0.22,0.58,1.23,2.39,3.25,4.39,5.91,7.60,-2.16,-3.80,-7.19,-10.58,-12.37,-13.88,-15.02,-15.55,-3.5,[-3.55:-3.45]
Kresoxim-methyl,CO\N=C(C(=O)OC)/c1ccccc1COc2ccccc2C,314.14,175.13,-0.64,0.11,2.30,4.92,6.15,7.74,9.34,11.56,-3.02,-4.79,-8.60,-12.40,-13.98,-14.69433883,-13.6621257,-9.723763702,-5.19,[-5.27:-5.11]
Mandipropamid,COC1=C(C=CC(=C1)CCNC(=O)C(C2=CC=C(C=C2)Cl)OCC#C)OCC#C  ,412.14,196.28,0.69,1.60,2.99,5.14,6.62,8.36,10.11,12.19,0.10,0.09,-0.41,-0.92,-1.36,-2.02,-2.68,-3.44,-4.99,[-5.03:-4.95]
Mefenacet,CN(C(=O)COc1sc2ccccc2n1)c3ccccc3,299.09,166.42,0.37,1.06,2.15,3.96,5.20,6.52,8.12,10.01,-0.40,-0.68,-0.07,0.53,1.39,2.41,3.86,5.60,-4.87,[-4.89:-4.85]
Mepanipyrim,CC#Cc1cc(C)nc(Nc2ccccc2)n1,224.12,150.85,0.39,0.92,1.91,3.65,4.90,6.41,8.15,10.24,-1.56,-2.82,-3.34,-3.87,-3.40,-3.07,-2.14,-0.47,-4.94,[-4.94:-4.87]
Mepronil,CC(C)Oc1cccc(NC(=O)c2ccccc2C)c1,270.15,167.68,0.42,1.09,2.22,3.86,4.94,6.34,7.84,9.58,-1.75,-3.03,-5.78,-8.52,-10.45,-12.63,-14.92,-17.20,-4.33,[-4.39:-4.27]
Metalaxyl,COCC(=O)N(C(C)C(=O)OC)c1c(C)cccc1C,280.16,155.72,0.43,1.15,2.43,4.31,5.53,7.15,8.92,10.94,-3.40,-5.82,-7.96,-10.09,-9.98,-10.47,-9.25,-7.87,-1.36,[-1.46:-1.35]
Metconazole,CC1(C)CCC(Cc2ccc(Cl)cc2)C1(O)Cn3cncn3,320.15,172.14,0.52,1.37,3.05,5.39,6.78,8.46,10.39,12.68,0.17,0.29,0.49,0.70,0.63,0.31,-0.13,-0.68,-4.17,[-4.2:-4.14]
Methabenzthiazuron,CNC(=O)N(C)c1sc2ccccc2n1,222.07,139.70,0.33,0.66,1.15,2.25,3.17,4.31,5.73,7.38,-2.19,-3.88,-6.80,-9.71,-10.65,-11.25,-11.35,-11.03,-3.57,[-3.65:-3.49]
Methamidophos,CO[P](N)(=O)SC,142.01,116.66,-0.93,-2.10,-3.67,-5.05,-5.47,-5.63,-5.28,-4.53,-6.76,-11.78,-20.97,-30.16,-35.23,-41.13,-46.79,-52.44,0.62,[0.53:0.65]
Methiocarb,CNC(=O)Oc1cc(C)c(SC)c(C)c1,226.11,149.45,-0.15,0.22,1.11,2.02,2.35,2.88,4.09,5.97,-2.15,-3.51,-6.72,-9.93,-11.81,-13.92,-16.21,-18.71,-3.99,[-4.03:-3.95]
Methoprotryne,COCCCNc1nc(NC(C)C)nc(SC)n1,272.15,159.68,0.57,1.28,2.52,4.41,5.66,7.15,8.82,10.81,-0.28,-0.54,-2.23,-3.92,-4.37,-5.23,-5.18,-4.79,-2.93,[-2.98:-2.93]
Methoxyfenozide,COc1cccc(C(=O)NN(C(=O)c2cc(C)cc(C)c2)C(C)(C)C)c1C,369.22,193.10,0.49,1.17,2.33,4.16,5.40,6.82,8.18,9.95,-0.79,-1.31,-1.95,-2.59,-2.72,-2.97,-3.23,-3.42,-5.31,[-5.37:-5.25]
Metribuzin,CSC1=NN=C(C(=O)N1N)C(C)(C)C,215.10,139.56,0.37,0.68,1.01,1.84,2.60,3.54,4.74,6.13,-2.50,-4.52,-8.32,-12.13,-14.07,-15.78,-17.00,-17.76,-2.28,[-2.32:-2.24]
Mevinphos,COC(=O)\C=C(/C)O[P](=O)(OC)OC,225.05,136.59,0.15,0.84,2.13,3.42,4.50,7.66,9.71,12.28,-4.73,-8.40,-14.12,-19.84,-21.50,-22.56,-22.23,-20.97,0.5,[0.47:0.53]
Mexacarbate,CNC(=O)Oc1cc(C)c(N(C)C)c(C)c1,223.15,152.28,0.32,0.70,1.37,2.61,3.50,4.51,5.93,7.71,-2.29,-3.99,-5.26,-6.53,-6.28,-6.68,-5.69,-4.42,-3.35,[-3.35:-3.29]
Monocrotophos,CNC(=O)\C=C(/C)O[P](=O)(OC)OC,224.07,139.40,0.00,0.41,1.30,2.52,3.20,4.03,5.41,7.38,-1.93,-3.21,-7.60,-12.00,-15.66,-19.80,-24.40,-28.98,0.62,[0.56:0.63]
Monolinuron,CON(C)C(=O)Nc1ccc(Cl)cc1,215.06,142.02,0.01,0.14,0.48,1.32,2.05,3.07,4.36,5.94,-4.10,-6.71,-11.48,-16.25,-19.29,-22.52,-25.42,-28.23,-2.47,[-2.51:-2.43]
Myclobutanil,CCCCC(Cn1cncn1)(C#N)c2ccc(Cl)cc2,289.12,176.14,0.33,0.73,1.39,2.43,3.11,3.87,4.84,6.05,-1.33,-2.39,-3.88,-5.36,-5.99,-6.53,-7.05,-7.73,-3.32,[-3.42:-3.22]
Neburon,CCCCN(C)C(=O)Nc1ccc(Cl)c(Cl)c1,275.07,162.73,0.21,0.99,2.45,3.58,3.98,5.30,6.62,8.24,-1.96,-3.42,-6.23,-9.04,-10.88,-12.63,-14.38,-15.95,-4.75,[-4.76:-4.61]
Nitenpyram,CCN(Cc1ccc(Cl)nc1)\C(NC)=C\[N+]([O-])=O,271.10,157.38,0.19,0.51,1.06,1.78,2.33,3.38,4.40,5.81,-2.37,-4.35,-7.68,-11.01,-13.62,-15.96,-18.11,-19.83,0.41,[0.24:0.49]
Nuarimol,OC(c1ccc(F)cc1)(c2cncnc2)c3ccccc3Cl,315.07,168.90,0.46,0.85,1.41,2.51,3.24,3.76,4.78,6.02,-1.15,-2.14,-3.47,-4.81,-5.45,-6.12,-6.99,-8.10,-4.08,[-4.1:-4.06]
Oxadixyl,COCC(=O)N(N1CCOC1=O)c2c(C)cccc2C,279.14,155.64,0.11,0.25,1.37,3.11,4.14,5.56,7.16,9.12,-0.83,-1.11,-3.02,-4.92,-7.56,-11.15,-16.17,-22.25,-1.91,[-1.97:-1.85]
Penconazole,CCCC(Cn1cncn1)c2ccc(Cl)cc2Cl,284.07,161.75,0.48,0.98,1.72,3.07,4.00,4.91,6.26,7.78,-1.10,-1.98,-2.93,-3.87,-4.22,-4.66,-5.21,-5.83,-3.59,[-3.59:-3.56]
Pencycuron,Clc1ccc(CN(C2CCCC2)C(=O)Nc3ccccc3)cc1,329.15,179.27,0.49,1.20,2.35,3.94,4.96,6.29,7.62,9.25,-0.85,-1.63,-3.70,-5.78,-6.87,-7.73,-8.60,-9.01,-6.04,[-6.04:-5.98]
Phenmedipham,COC(=O)Nc1cccc(OC(=O)Nc2cccc(C)c2)c1,301.12,170.59,0.49,1.34,2.47,4.32,5.60,6.86,8.12,9.87,-1.31,-2.15,-4.24,-6.33,-7.78,-9.37,-10.96,-12.28,-4.9,[-4.92:-4.88]
Picoxystrobin,CO/C=C(C(=O)OC)/c1ccccc1COc2cccc(n2)C(F)(F)F,368.11,175.01,0.44,1.25,2.55,4.56,5.90,7.40,8.89,10.74,0.37,0.82,2.15,3.47,4.50,5.95,7.41,9.45,-5.07,[-5.1:-5.04]
Pirimicarb,CN(C)C(=O)Oc1nc(nc(C)c1C)N(C)C,239.15,146.02,0.33,0.80,1.67,3.11,4.13,5.45,6.94,8.79,0.00,-0.01,1.17,2.35,3.41,4.66,6.32,8.17,-1.93,[-1.97:-1.89]
Prochloraz,CCCN(CCOc1c(Cl)cc(Cl)cc1Cl)C(=O)n2ccnc2,376.04,180.02,0.48,1.00,1.70,3.17,4.26,5.22,6.72,8.09,-0.29,-0.46,-1.23,-1.99,-2.58,-3.35,-4.10,-4.91,-4.08,[-4.15:-4.01]
Promecarb,CNC(=O)Oc1cc(C)cc(c1)C(C)C,208.13,148.80,0.34,0.81,1.43,2.57,3.42,4.43,6.20,8.42,-2.93,-5.03,-8.42,-11.82,-13.50,-15.55,-17.54,-19.63,-3.35,[-3.36:-3.32]
Prometon,COc1nc(NC(C)C)nc(NC(C)C)n1,226.17,152.45,0.54,1.24,2.41,4.23,5.45,6.95,8.57,10.56,-1.35,-2.52,-4.75,-6.99,-7.84,-8.42,-8.40,-8.05,-2.52,[-2.61:-2.43]
Prometryne,CSc1nc(NC(C)C)nc(NC(C)C)n1,242.15,157.19,0.50,1.26,2.52,4.30,5.44,6.90,8.35,10.11,-0.98,-1.87,-3.59,-5.32,-6.10,-6.42,-6.74,-6.51,-3.96,[-4:-3.92]
Propamocarb,CCCOC(=O)NCCCN(C)C,189.16,143.16,0.20,0.73,1.81,3.64,4.95,6.66,8.50,10.64,-0.10,-0.16,0.68,1.52,2.47,3.78,5.39,7.24,0.66,[0.59:0.68]
Propiconazole,CCCC1COC(Cn2cncn2)(O1)c3ccc(Cl)cc3Cl,342.08,180.29,0.44,0.89,1.63,2.85,3.69,4.64,5.78,7.13,-0.77,-1.40,-2.24,-3.08,-3.55,-4.08,-4.75,-5.53,-3.45,[-3.53:-3.37]
Propoxur,CNC(=O)Oc1ccccc1OC(C)C,210.11,140.64,0.67,0.78,0.84,1.90,3.01,4.01,5.44,7.35,-2.98,-5.91,-10.55,-15.20,-17.20,-19.65,-20.82,-21.11,-2.05,[-2.1:-2.05]
Prothioconazole,OC(CN1NC=NC1=S)(Cc2ccccc2Cl)C3(Cl)CC3,344.04,165.83,0.39,0.93,1.83,3.32,4.36,5.56,6.76,8.12,-0.79,-1.38,-2.28,-3.18,-3.76,-4.46,-5.17,-5.87,-3.9,[-4.84:-3.06]
Pymetrozine,CC1=NNC(=O)N(C1)\N=C\c2cccnc2,218.11,149.28,0.00,-0.13,-0.20,0.09,0.47,1.00,1.80,2.79,-1.89,-3.40,-6.29,-9.18,-11.36,-14.06,-16.96,-19.98,-2.88,[-2.96:-2.8]
Pyracarbolid,CC1=C(CCCO1)C(=O)Nc2ccccc2,218.12,144.13,0.26,0.65,1.42,2.83,3.84,5.08,6.61,8.50,-3.19,-5.56,-9.07,-12.59,-13.52,-14.45,-14.53,-14.01,-2.56,[-2.58:-2.54]
Pyraclostrobin,CON(C(=O)OC)c1ccccc1COc2ccn(n2)c3ccc(Cl)cc3,388.11,186.27,0.30,0.98,2.16,4.03,5.29,6.78,8.27,10.06,0.42,0.76,1.89,3.02,4.06,5.32,6.57,8.54,-5.31,[-5.35:-5.27]
Pyridaben,CC(C)(C)N1N=CC(=C(Cl)C1=O)SCc2ccc(cc2)C(C)(C)C,365.15,191.33,0.20,1.00,2.42,4.36,5.54,7.08,8.62,10.42,-1.40,-2.38,-4.56,-6.75,-7.98,-8.94,-9.91,-10.50,-7.35,[-7.4:-7.3]
Pyrimethanil,Cc1cc(C)nc(Nc2ccccc2)n1,200.12,142.27,0.30,0.81,1.74,3.39,4.59,6.10,7.89,10.06,-2.29,-4.15,-5.11,-6.08,-5.69,-4.94,-3.56,-1.78,-3.22,[-3.33:-3.11]
Pyriproxyfen,CC(COc1ccc(Oc2ccccc2)cc1)Oc3ccccn3,322.15,186.24,0.15,0.72,1.73,3.09,3.93,5.05,6.18,7.87,-0.44,-0.78,-0.85,-0.91,-0.45,0.23,0.91,2.09,-5.94,[-5.99:-5.89]
Quinoxyfen,Fc1ccc(Oc2ccnc3cc(Cl)cc(Cl)c23)cc1,308.01,160.78,0.44,0.90,1.66,2.93,3.77,4.65,5.79,7.15,-1.17,-2.31,-4.93,-7.56,-9.55,-11.74,-14.00,-16.05,-6.62,[-6.72:-6.52]
Rotenone,COc1cc2OC[C@H]3Oc4c5C[C@@H](Oc5ccc4C(=O)[C@H]3c2cc1OC)C(C)=C,395.15,197.34,0.58,1.10,1.99,3.62,4.80,6.10,7.55,8.98,-1.09,-2.21,-5.68,-9.14,-12.34,-14.45,-16.50,-19.11,-4.89,[-4.94:-4.84]
Secbumeton,CCNc1nc(NC(C)CC)nc(OC)n1,226.17,153.44,0.52,1.19,2.39,4.19,5.37,6.86,8.48,10.50,-1.39,-2.60,-5.18,-7.76,-8.79,-9.91,-10.37,-10.17,-2.58,[-2.68:-2.48]
Simetryn,CCNc1nc(NCC)nc(SC)n1,214.11,144.87,0.33,0.72,1.42,2.72,3.69,4.84,6.33,8.11,-1.77,-3.26,-6.19,-9.11,-10.55,-11.62,-12.21,-12.16,-2.68,[-2.74:-2.62]
Spirodiclofen,CCC(C)(C)C(=O)OC1=C(C(=O)OC12CCCCC2)c3ccc(Cl)cc3Cl,411.11,190.31,0.35,1.09,2.41,4.15,5.19,6.56,7.96,9.54,-1.45,-2.16,-4.80,-7.44,-9.04,-10.75,-12.42,-13.87,-6.91,[-6.92:-6.79]
Spirotetramat,CCOC(=O)OC1=C(C(=O)NC12CCC(CC2)OC)C3=C(C=CC(=C3)C)C  ,374.20,193.47,0.55,1.25,2.33,4.04,5.24,6.68,8.13,9.96,0.07,0.03,-0.16,-0.35,-0.60,-0.90,-1.19,-1.44,-3.65,[-4.68:-2.55]
Spiroxamine,CCCN(CC)CC1COC2(CCC(CC2)C(C)(C)C)O1,298.28,178.24,0.59,1.28,2.41,4.24,5.47,6.80,8.40,10.23,0.03,-0.07,0.52,1.11,1.96,2.93,4.29,5.89,-2.84,[-2.91:-2.77]
Tebuconazole,CC(C)(C)C(O)(CCc1ccc(Cl)cc1)Cn2cncn2,308.15,160.62,0.74,1.77,3.63,6.45,8.25,10.28,12.69,15.40,0.39,0.68,1.26,1.83,2.09,2.26,2.21,2.14,-3.93,[-3.96:-3.9]
Tebufenpyrad,CCc1nn(C)c(C(=O)NCc2ccc(cc2)C(C)(C)C)c1Cl,334.17,183.25,0.50,1.15,2.23,3.84,4.82,5.68,6.54,8.23,-0.79,-1.50,-2.55,-3.60,-4.19,-4.91,-5.64,-6.49,-5.12,[-5.16:-5.08]
Tebuthiuron,CNC(=O)N(C)c1sc(nn1)C(C)(C)C,229.11,142.99,2.46,3.47,3.55,4.64,5.98,6.77,7.57,9.51,-2.34,-4.18,-7.71,-11.24,-12.79,-13.93,-14.54,-14.51,-1.97,[-2:-1.94]
Teflubenzuron,Fc1cccc(F)c1C(=O)NC(=O)Nc2cc(Cl)c(F)c(Cl)c2F,380.98,169.28,-1.16,-0.65,1.24,3.34,4.20,5.50,6.79,8.38,0.07,-0.16,-0.88,-1.61,-2.16,-2.59,-3.01,-3.07,-7.43,[-7.44:-7.35]
Terbumeton,CCNc1nc(NC(C)(C)C)nc(OC)n1,226.17,150.00,0.46,1.24,2.55,4.38,5.55,7.09,8.63,10.48,-1.37,-2.56,-5.16,-7.76,-8.78,-9.59,-10.40,-10.29,-3.21,[-3.24:-3.07]
Terbutryne,CCNc1nc(NC(C)(C)C)nc(SC)n1,242.15,154.61,0.49,1.25,2.53,4.33,5.48,6.95,8.41,10.18,-1.00,-1.90,-3.64,-5.39,-6.19,-6.57,-6.95,-6.70,-3.99,[-4.03:-3.95]
Tetraconazole,FC(F)C(F)(F)OCC(Cn1cncn1)c2ccc(Cl)cc2Cl,372.03,170.40,0.49,1.10,2.13,3.70,4.73,5.94,7.28,8.92,-0.74,-1.29,-2.01,-2.74,-2.91,-3.13,-3.37,-3.71,-3.38,[-3.4:-3.36]
Thiabendazole,[nH]1c2ccccc2nc1c3cscn3,202.04,135.57,0.06,-0.04,0.00,0.60,1.23,2.07,3.28,4.86,-4.37,-7.95,-14.73,-21.51,-24.94,-28.20,-30.38,-31.68,-3.6,[-3.6:-3.5]
Thiacloprid,Clc1ccc(CN2CCSC2=NC#N)cn1,253.03,158.92,0.18,0.23,0.23,0.44,0.74,1.27,1.98,2.90,-1.91,-3.50,-8.23,-12.96,-16.56,-20.60,-25.19,-30.19,-3.14,[-3.2:-3.08]
Thiamethoxam,CN1COCN(Cc2sc(Cl)nc2)\C1=N/[N+]([O-])=O,292.03,157.10,0.50,0.89,1.24,2.24,3.10,3.82,5.12,6.54,-1.00,-1.82,-3.27,-4.72,-5.60,-6.63,-7.76,-9.17,-1.86,[-1.98:-1.85]
Thidiazuron,O=C(Nc1snnc1)Nc2ccccc2,221.05,147.29,0.44,1.13,2.43,4.49,5.80,7.14,8.48,10.06,-2.69,-4.85,-9.12,-13.39,-16.33,-19.59,-22.85,-26.10,-4.04,[-4.04:-3.99]
Thiophanate-methyl,COC(=O)NC(=S)Nc1ccccc1NC(=S)NC(=O)OC,343.05,173.00,0.58,1.21,2.25,3.78,4.80,6.18,7.63,9.26,-0.81,-1.54,-2.60,-3.67,-4.00,-3.65,-2.99,-2.09,-3.74,[-3.77:-3.71]
Triadimefon,CC(C)(C)C(=O)C(Oc1ccc(Cl)cc1)n2cncn2,294.10,172.41,0.44,0.83,1.17,2.31,3.36,4.24,5.11,6.55,-1.05,-1.85,-3.06,-4.27,-4.86,-5.70,-6.54,-7.77,-3.61,[-3.61:-3.57]
Triadimenol,CC(C)(C)C(O)C(Oc1ccc(Cl)cc1)n2cncn2,296.14,171.43,0.29,0.80,1.56,2.87,3.76,4.65,6.06,7.48,-0.92,-1.68,-2.80,-3.92,-4.63,-5.54,-6.67,-8.07,-3.5,[-3.55:-3.45]
Tricyclazole,Cc1cccc2sc3nncn3c12,190.04,130.04,0.20,0.21,0.08,0.53,1.15,1.86,2.91,4.22,-2.08,-3.56,-7.39,-11.22,-14.48,-17.99,-21.72,-24.79,-3.74,[-4.61:-2.87]
Trifloxystrobin,CO\N=C(C(=O)OC)/c1ccccc1CO\N=C(/C)c2cccc(c2)C(F)(F)F,409.15,190.48,0.41,1.28,2.69,4.91,6.42,8.19,9.95,11.93,0.67,1.24,2.83,4.43,5.51,7.09,8.67,10.35,-5.83,[-5.86:-5.8]
Triflumizole,CCCOCC(=Nc1ccc(Cl)cc1C(F)(F)F)n2ccnc2,346.09,173.15,0.39,0.87,1.62,3.14,4.23,5.23,6.63,8.05,-0.65,-1.11,-2.24,-3.37,-4.36,-5.60,-7.00,-8.47,-2.98,[-3.03:-2.98]
Triticonazole,CC1(C)CC\C(=C/c2ccc(Cl)cc2)C1(O)Cn3cncn3,318.14,175.74,0.44,0.92,1.66,2.87,3.64,4.42,5.65,7.00,-0.57,-1.10,-1.88,-2.65,-3.03,-3.42,-3.98,-4.74,-3.99,[-4.4:-3.58]
Zoxamide,CCC(C)(NC(=O)c1cc(Cl)c(C)c(Cl)c1)C(=O)CCl,336.03,167.43,0.60,1.32,2.45,4.24,5.41,6.63,8.14,9.81,-1.38,-2.39,-4.30,-6.22,-7.14,-8.00,-8.58,-8.90,-5.69,[-5.78:-5.6]
(+)-Methadone,CCC(=O)C(CC(C)N(C)C)(c1ccccc1)c2ccccc2,310.20,176.86,0.54,1.27,2.48,4.29,5.49,6.90,8.59,10.31,1.45,2.00,3.10,5.00,6.10,7.40,8.90,10.60,-4.61,[-5.96:-3.26]
(+-)-Propanolol,CC(C)NCC(COC1=CC=CC2=CC=CC=C21)O  ,260.00,162.50,0.42,0.98,1.96,3.54,4.63,5.99,7.65,9.56,-1.15,-2.50,-4.10,-4.60,-4.60,-3.40,-1.80,-0.20,-3.23,[-3.29:-3.17]
(+)-Propoxyphene,CCC(=O)O[C@@](Cc1ccccc1)([C@H](C)CN(C)C)c2ccccc2,340.10,182.51,0.61,1.33,2.57,4.43,5.63,7.10,8.86,10.74,1.25,1.60,2.50,4.30,5.50,6.90,8.30,10.00,-4.99,[-5.07:-4.91]
"2,3-Methylenedioxyamphetamine (MDA)",CC(N)Cc1cccc2OCOc12,180.10,138.56,-0.19,-0.47,-0.70,-0.63,-0.34,0.14,0.83,1.83,-2.70,-5.30,-10.10,-16.00,-19.30,-22.80,-26.30,-29.30,-1.89,[-2.97:-0.92]
4-Aminobutyric acid (GABA),NCCCC(O)=O,104.10,118.27,-1.54,-3.10,-5.00,-6.90,-7.50,-7.90,-7.80,-7.20,-7.40,-13.40,-24.30,-37.20,-43.50,-50.10,-55.80,-61.10,1.1,[1.08:1.1]
Acebutolol,CCCC(=O)Nc1ccc(OCC(O)CNC(C)C)c(c1)C(C)=O,337.00,190.00,0.33,0.83,1.70,3.02,3.85,4.93,6.17,7.67,0.95,1.10,1.50,2.30,2.80,3.70,4.70,5.90,-2.2,[-2.2:-2.16]
Acetaminophen,CC(=O)Nc1ccc(O)cc1,152.20,130.25,-0.56,-1.15,-1.70,-1.90,-1.63,-1.05,-0.09,1.21,-5.05,-9.20,-16.70,-27.10,-33.40,-39.60,-45.60,-51.00,-1.03,[-1.1:-1.03]
Acetamiprid,CN(Cc1ccc(Cl)nc1)C(C)=NC#N,223.10,153.99,0.13,-0.09,-0.25,0.01,0.32,0.83,1.53,2.52,-1.10,-2.30,-5.80,-11.20,-14.70,-19.00,-23.60,-28.00,-1.77,[-1.86:-1.68]
Adenine,Nc1ncnc2nc[nH]c12,136.10,121.37,-0.79,-1.66,-2.64,-3.49,-3.75,-3.78,-3.57,-3.05,-6.20,-11.10,-19.00,-28.60,-33.70,-38.50,-42.80,-46.00,-1.75,[-2.28:-1.13]
Alanine,C[C@H](N)C(O)=O,90.10,118.36,-0.79,-2.97,-6.08,-9.42,-11.06,-12.46,-13.62,-14.55,-7.65,-13.90,-26.40,-41.30,-52.16017791,-63.70669103,-76.77640082,-91.40572578,0.27,[0.25:0.29]
Alprazolam,Cc1nnc2CN=C(c3ccccc3)c4cc(Cl)ccc4n12,309.10,170.40,0.32,0.94,1.95,3.40,4.30,5.53,6.96,8.59,0.40,0.20,-0.90,-2.80,-4.20,-5.90,-7.60,-9.20,-3.6,[-3.7:-3.5]
Amitriptyline,CN(C)CCC=C1c2ccccc2CCc3ccccc13,278.10,162.31,0.54,1.23,2.40,4.23,5.46,6.99,8.77,10.84,-0.40,-1.10,-1.70,-0.60,0.10,1.50,2.70,4.40,-4.57,[-4.7:-4.44]
Amphetamine,CC(N)Cc1ccccc1,136.10,130.00,-0.49,-1.12,-1.70,-1.93,-1.75,-1.25,-0.39,0.84,-4.00,-7.50,-13.90,-22.00,-26.50,-30.80,-34.60,-37.70,-0.87,[-1.41:-0.33]
Aspartic Acid,N[C@@H](CC(O)=O)C(O)=O,134.10,124.97,-0.80,-2.07,-3.71,-5.49,-6.31,-6.91,-7.31,-7.41,-6.15,-11.40,-22.20,-36.20,-44.20,-52.20,-60.10,-67.30,-0.47,[-1.71:0.77]
Atenolol,CC(C)NCC(O)COc1ccc(CC(N)=O)cc1,267.00,154.37,0.86,2.08,4.35,8.01,10.42,13.30,16.58,20.32,-1.45,-3.00,-5.00,-5.30,-3.80,-1.70,0.30,3.10,-1.28,[-1.34:-1.25]
Bendroflumethiazide,N[S](=O)(=O)c1cc2c(NC(Cc3ccccc3)N[S]2(=O)=O)cc1C(F)(F)F,421.80,187.58,0.97,1.67,2.71,4.30,5.38,6.63,8.20,9.92,0.45,0.30,-0.30,-1.00,-1.90,-2.20,-2.90,-2.30,-3.59,[-3.64:-3.54]
Benzoylecgonine,CN1C2CCC1[C@H]([C@H](C2)OC(=O)c3ccccc3)C(O)=O,290.10,165.18,0.35,0.83,1.71,3.07,3.88,5.02,6.31,7.74,-0.50,-1.40,-3.20,-4.70,-5.30,-5.30,-5.20,-4.40,-2.14,[-3.02:-1.35]
Bufuralol,CCc1cccc2cc(oc12)C(O)CNC(C)(C)C,262.00,159.47,0.58,1.34,2.62,4.64,6.03,7.65,9.59,11.79,-0.80,-1.80,-3.00,-2.70,-2.20,-0.60,0.50,2.30,-2.87,[-5.57:-1.03]
Buscopan,CCCC[N+]1(C)[C@H]2CC(C[C@H]1[C@@H]3O[C@H]23)OC(=O)C(CO)c4ccccc4,360.10,191.99,0.42,1.01,2.00,3.52,4.49,5.68,7.08,8.74,1.30,1.80,2.70,4.10,4.90,6.00,7.20,8.70,-3.6,[-5.77:-1.43]
Buspirone,O=C1CC2(CCCC2)CC(=O)N1CCCCN3CCN(CC3)c4ncccn4,386.30,188.31,0.68,1.29,2.33,3.89,4.86,6.12,7.50,9.08,1.40,2.00,3.00,4.30,5.10,6.10,7.40,8.80,-3.03,[-4.2:-1.86]
Caffeine,Cn1cnc2N(C)C(=O)N(C)C(=O)c12,195.10,134.19,-0.32,-0.61,-0.81,-0.72,-0.44,0.06,0.61,1.79,-2.55,-4.60,-8.60,-14.70,-18.20,-22.10,-25.40,-28.50,-0.95,[-0.98:-0.92]
Carbamazepine,NC(=O)N1c2ccccc2C=Cc3ccccc13,237.10,149.21,0.29,0.80,1.77,3.39,4.53,5.95,7.61,9.60,-1.90,-3.70,-7.70,-12.30,-14.60,-16.40,-18.00,-18.70,-4.99,[-6.01:-3.97]
Carisoprodol,CCCC(C)(COC(N)=O)COC(=O)NC(C)C,261.10,163.05,0.42,1.00,2.10,4.00,5.20,6.50,8.40,10.40,-2.00,-3.80,-6.90,-8.60,-9.10,-8.40,-7.90,-5.70,-2.94,[-2.94:-2.88]
Chlorprothixene,CN(C)CC\C=C/1c2ccccc2Sc3ccc(Cl)cc13,316.10,168.47,0.41,1.04,2.11,3.74,4.79,6.09,7.62,9.30,-0.10,-0.60,-1.40,-1.20,-0.70,0.40,1.30,2.80,-6.74,[-6.75:-6.61]
Chlorthalidone,N[S](=O)(=O)c1cc(ccc1Cl)C2(O)NC(=O)c3ccccc23,338.90,173.39,0.49,1.07,1.95,3.11,3.81,4.76,5.77,7.01,0.10,-0.50,-1.40,-2.10,-3.80,-6.70,-7.50,-8.10,-3.45,[-3.47:-3.43]
Choline,C[N+](C)(C)CCO,104.10,111.94,-0.86,-1.51,-1.81,-1.27,-0.44,0.86,2.69,5.08,-6.00,-9.00,-14.10,-17.20,-15.90,-16.30,-15.40,-9.30,0.67,[0.64:0.67]
Cimetidine,CN=C(NCCSCc1nc[nH]c1C)NC#N,253.10,158.25,0.19,0.41,0.88,1.78,2.47,3.47,4.66,6.19,-2.05,-4.10,-7.30,-9.80,-10.80,-11.00,-11.20,-10.50,-2.08,[-3.07:-1.44]
Clenbuterol,CC(C)(C)NCC(O)c1cc(Cl)c(N)c(Cl)c1,277.10,159.38,0.62,1.40,2.66,4.57,5.87,7.32,9.06,11.04,-0.90,-2.10,-4.20,-6.00,-6.70,-6.80,-6.90,-6.10,-3.39,[-3.44:-3.34]
Clonazepam,[O-][N+](=O)c1ccc2NC(=O)CN=C(c3ccccc3Cl)c2c1,316.10,171.42,0.04,0.47,1.01,1.77,2.50,3.15,4.30,5.53,-0.85,-2.00,-4.20,-6.80,-8.20,-9.70,-11.10,-12.20,-3.5,[-3.57:-3.5]
Clonidine,Clc1cccc(Cl)c1NC2=NCCN2,230.00,142.41,-0.08,-0.08,0.11,0.75,1.31,2.13,3.12,4.52,-2.00,-4.00,-8.40,-13.30,-15.50,-17.40,-18.90,-19.60,-0.11,[-0.24:-0.1]
Cocaine,COC(=O)[C@H]1[C@H](CC2CCC1N2C)OC(=O)c3ccccc3,304.10,170.71,0.43,1.05,2.14,3.80,4.87,6.23,7.85,9.43,-0.25,-0.40,-0.30,0.50,1.20,2.00,3.20,6.00,-2.24,[-2.26:-2.24]
Cotinine,CN1C(CCC1=O)c2cccnc2,177.10,140.48,-0.06,-0.48,-0.92,-0.99,-0.83,-0.51,0.00,0.82,-1.80,-3.50,-6.40,-10.30,-13.00,-16.40,-19.90,-23.30,-0.5,[-1.87:0.75]
Cyromazine,Nc1nc(N)nc(NC2CC2)n1,167.10,129.67,-0.06,-0.26,-0.24,0.36,0.97,1.88,3.06,4.64,-3.45,-6.50,-11.60,-15.90,-17.30,-17.80,-18.10,-16.90,-1.11,[-1.15:-1.07]
Cytidine,NC1=NC(=O)N(C=C1)[C@@H]2O[C@H](CO)[C@@H](O)[C@H]2O,244.10,149.20,0.10,0.14,0.33,0.90,1.39,2.05,2.91,4.22,-1.75,-3.60,-7.10,-11.20,-13.70,-16.30,-19.00,-21.30,-1.36,[-3.08:0.02]
Desipramine,CNCCCN1c2ccccc2CCc3ccccc13,267.20,157.26,0.43,0.96,1.87,3.31,4.33,5.60,7.11,8.88,-0.15,-0.80,-2.70,-5.20,-6.40,-7.50,-8.30,-8.50,-4.23,[-5.27:-3.19]
Desomorphine,CN1CCC23C4CCCC2C1Cc5ccc(O)c(O4)c35,272.00,156.42,0.48,1.05,2.01,3.47,4.43,5.61,7.03,8.63,-0.80,-1.90,-4.40,-7.30,-8.70,-10.10,-11.10,-11.70,-2.74,[-3.72:-1.76]
Diazepam,CN1C(=O)CN=C(c2ccccc2)c3cc(Cl)ccc13,285.10,163.41,0.36,0.90,1.79,3.19,4.20,5.39,6.86,8.50,-0.65,-1.60,-3.60,-6.30,-7.50,-8.50,-9.30,-9.50,-4.04,[-5.44:-2.64]
Diphenhydramine,CN(C)CCOC(c1ccccc1)c2ccccc2,256.20,162.08,0.57,1.19,2.31,4.18,5.41,6.96,8.78,10.89,-0.25,-1.10,-2.90,-4.20,-4.50,-4.30,-3.70,-2.20,-3.18,[-4.44:-1.92]
Ephedrine,CN[C@@H](C)[C@H](O)c1ccccc1,166.10,133.43,-0.19,-0.51,-0.63,-0.24,0.28,1.11,2.29,3.86,-3.40,-6.50,-12.10,-17.00,-19.00,-20.40,-21.50,-21.40,-0.44,[-0.48:-0.43]
Epitestosterone,C[C@]12CC[C@H]3[C@@H](CCC4=CC(=O)CC[C@]34C)[C@@H]1CC[C@H]2O,289.10,162.18,0.28,0.84,1.73,2.96,3.78,4.82,6.09,7.59,-0.95,-2.00,-4.00,-5.70,-6.40,-6.90,-7.60,-8.10,-4.04,[-4.15:-3.93]
Ethylone,CCNC(C)C(=O)C1=CC2=C(C=C1)OCO2  ,222.10,148.92,0.00,0.02,0.27,1.04,1.71,2.59,3.74,5.21,-2.25,-4.50,-8.70,-13.10,-15.10,-16.50,-17.70,-17.90,-2.34,[-2.92:-1.76]
Etodolac,CCc1cccc2c3CCOC(CC)(CC(O)=O)c3[nH]c12,288.00,168.83,0.53,1.28,2.45,4.20,5.49,6.85,8.56,10.44,-1.00,-2.20,-3.90,-4.50,-4.70,-3.90,-2.80,-1.20,-2.88,[-3.85:-1.91]
Fentanyl,CCC(=O)N(C1CCN(CC1)CCc2ccccc2)c3ccccc3,337.20,186.77,0.59,1.46,2.88,4.99,6.39,7.95,9.78,11.97,0.90,1.10,1.90,3.80,4.90,6.50,8.20,10.10,-3.24,[-3.42:-3.23]
Fluoxetine,CNCCC(Oc1ccc(cc1)C(F)(F)F)c2ccccc2,310.10,177.32,0.62,1.38,2.66,4.62,5.91,7.42,9.14,11.07,-1.00,-1.80,-2.30,-1.70,-0.80,0.20,1.60,6.00,-3.71,[-3.77:-3.71]
Gabapentin,NCC1(CCCCC1)CC(O)=O,172.10,133.29,0.01,-0.03,0.15,0.88,1.53,2.37,3.46,4.90,-3.85,-7.20,-13.30,-20.70,-24.40,-27.80,-30.80,-32.70,-0.75,[-1.76:0.26]
Guanosine,NC1=Nc2n(cnc2C(=O)N1)[C@@H]3O[C@H](CO)[C@@H](O)[C@H]3O,284.30,157.90,0.49,0.63,1.02,1.90,2.47,3.31,4.28,5.52,-1.50,-3.30,-7.20,-12.00,-14.80,-17.60,-20.50,-22.90,-1.35,[-1.77:-0.82]
Haloperidol,OC1(CCN(CCCC(=O)c2ccc(F)cc2)CC1)c3ccc(Cl)cc3,376.10,191.00,0.34,0.81,1.65,2.93,3.72,4.75,5.93,7.32,1.25,1.70,2.40,3.60,4.30,5.20,6.30,7.60,-4.43,[-4.46:-4.4]
Histamine,NCCc1c[nH]cn1,111.80,115.73,-1.09,-2.46,-3.67,-4.10,-4.04,-3.55,-2.55,-1.06,-6.20,-11.40,-20.40,-28.30,-31.10,-32.80,-33.80,-33.00,0.3,[-0.39:0.99]
Hydrocodone,COc1ccc2C[C@@H]3[C@@H]4CCC(=O)[C@@H]5Oc1c2[C@]45CCN3C,300.20,167.88,0.36,0.85,1.72,3.08,3.93,5.03,6.28,7.76,-0.50,-1.40,-3.60,-6.40,-7.90,-9.40,-10.80,-11.70,-3.23,[-3.9:-2.66]
Indoprofen,CC(C(O)=O)c1ccc(cc1)N2Cc3ccccc3C2=O,282.10,167.18,0.06,0.55,1.38,2.63,3.52,4.64,5.92,7.42,-0.50,-1.30,-1.80,-0.90,0.00,1.10,1.90,2.60,-4.8,[-4.91:-4.69]
Ketoconazole,CC(=O)N1CCN(CC1)c2ccc(OC[C@H]3CO[C@@](Cn4ccnc4)(O3)c5ccc(Cl)cc5Cl)cc2,531.10,211.66,0.80,1.20,1.99,3.37,4.20,5.20,6.48,7.89,1.45,2.00,2.80,3.90,4.60,5.50,6.70,8.00,-3.8,[-3.85:-3.75]
Ketoprofen,CC(C(O)=O)c1cccc(c1)C(=O)c2ccccc2,255.10,153.51,0.63,0.73,1.23,2.97,4.35,5.90,7.40,9.04,-1.60,-3.10,-4.60,-5.00,-5.20,-4.10,-3.20,-2.80,-3.32,[-3.38:-3.26]
Ketorolac,OC(=O)C1CCn2c1ccc2C(=O)c3ccccc3,256.10,156.81,0.08,0.85,1.79,3.18,4.95,6.67,8.62,10.90,-1.55,-3.30,-7.10,-12.10,-14.70,-17.20,-19.50,-21.00,-3.46,[-4.34:-2.58]
Lacosamide,COC[C@@H](NC(C)=O)C(=O)NCc1ccccc1,251.10,157.95,0.54,1.09,2.06,3.69,4.92,6.57,8.22,10.28,-2.20,-4.10,-6.50,-7.30,-7.40,-6.00,-3.70,-1.60,-2.89,[-3.86:-1.92]
Lamotrigine,Nc1nnc(c(N)n1)c2cccc(Cl)c2Cl,256.00,152.68,0.08,0.19,0.44,0.99,1.47,2.10,2.97,4.09,-1.30,-2.80,-5.80,-10.00,-12.70,-15.50,-18.40,-21.00,-4.37,[-5.96:-2.78]
L-arginine,N[C@@H](CCCNC(N)=N)C(O)=O,175.20,129.15,0.00,0.04,0.36,1.29,2.11,3.19,4.66,6.46,-4.30,-8.00,-13.00,-16.80,-18.10,-18.60,-18.20,-16.30,0.02,[-0.03:0.02]
L-asparagine,N[C@@H](CC(N)=O)C(O)=O,133.10,125.08,-0.98,-2.25,-3.79,-5.29,-5.93,-6.36,-6.47,-6.30,-5.75,-10.70,-21.30,-35.30,-42.60,-48.70,-54.90087555,-57.53385038,-0.73,[-0.78:-0.68]
L-glutamic acid,N[C@@H](CCC(O)=O)C(O)=O,148.10,127.37,-0.70,-1.63,-2.71,-3.67,-3.99,-4.02,-3.85,-3.32,-5.90,-11.00,-21.20,-34.40,-41.30,-47.60,-53.94852717,-57.7171726,-0.16,[-0.87:0.36]
L-glutamine,N[C@@H](CCC(N)=O)C(O)=O,147.10,126.96,-0.42,-0.61,-0.60,-0.26,0.21,0.98,2.06,3.52,-5.45,-10.20,-17.10,-24.20,-27.00,-28.80,-30.30,-30.20,-0.55,[-0.6:-0.5]
L-Glycine,NCC(O)=O,76.00,116.62,-0.32,-3.08,-7.78,-13.64,-16.65,-19.66,-22.66,-25.65,-7.80,-14.00,-26.80,-44.00,-56.00566547,-69.3681735,-84.70666716,-102.0310441,0.52,[0.51:0.53]
L-histidine,N[C@@H](Cc1c[nH]cn1)C(O)=O,156.10,127.68,-0.49,-1.08,-1.62,-1.81,-1.65,-1.20,-0.39,0.74,-5.15,-9.60,-17.60,-25.90,-29.40,-32.00,-34.10,-34.60,-0.49,[-0.65:-0.33]
Lidocaine,CCN(CC)CC(=O)Nc1c(C)cccc1C,235.10,156.81,0.45,0.91,1.69,3.12,4.37,5.87,7.46,9.47,-0.95,-2.20,-2.40,-0.70,0.80,2.10,3.90,5.80,-1.76,[-1.83:-1.69]
L-Isoleucine,CC[C@H](C)[C@H](N)C(O)=O,132.10,128.16,-0.40,-1.29,-2.37,-3.26,-3.52,-3.50,-3.19,-2.55,-5.15,-9.60,-18.40,-29.30,-35.20,-41.30,-47.30,-52.10,-0.58,[-0.62:-0.54]
L-leucine,CC(C)C[C@H](N)C(O)=O,132.10,129.82,-0.42,-1.29,-2.36,-3.26,-3.51,-3.50,-3.19,-2.55,-5.15,-9.60,-18.40,-29.30,-35.20,-41.30,-47.30,-52.10,-0.85,[-0.9:-0.8]
L-lysine,NCCCC[C@H](N)C(O)=O,147.20,123.45,-0.39,-0.59,-0.60,-0.25,0.21,0.97,2.07,3.52,-5.45,-10.20,-17.10,-24.10,-27.10,-28.70,-30.10,-30.10,0.83,[0.79:0.84]
L-methionine,CSCC[C@H](N)C(O)=O,150.10,127.28,-0.66,-1.38,-2.15,-2.75,-2.79,-2.57,-2.03,-1.10,-4.85,-9.10,-17.90,-29.20,-35.10,-40.80,-46.30,-50.00,-0.46,[-0.51:-0.41]
Loperamide,CN(C)C(=O)C(CCN1CCC(O)(CC1)c2ccc(Cl)cc2)(c3ccccc3)c4ccccc4,477.20,221.80,0.76,1.37,2.30,3.76,4.79,5.86,7.17,8.72,1.55,2.10,3.20,4.50,5.30,6.30,7.50,8.90,-4.66,[-6.04:-3.28]
Lovastatin,CC[C@H](C)C(=O)O[C@H]1C[C@@H](C)C=C2C=C[C@H](C)[C@H](CC[C@@H]3C[C@@H](O)CC(=O)O3)[C@@H]12,405.20,186.93,0.58,1.75,3.21,4.73,5.96,7.44,9.09,10.99,1.25,1.60,2.10,2.10,1.80,1.90,1.50,1.20,-6,[-6:-5.96]
L-phenylalanine,N[C@@H](Cc1ccccc1)C(O)=O,166.10,136.06,-0.13,-0.65,-1.20,-1.48,-1.41,-1.08,-0.45,0.46,-4.05,-7.70,-14.90,-23.90,-28.80,-33.90,-38.90,-37.50,-0.87,[-0.89:-0.85]
L-proline,OC(=O)[C@@H]1CCCN1,116.10,120.11,-1.19,-2.79,-4.76,-6.73,-7.57,-8.15,-8.38,-8.23,-5.95,-11.00,-21.70,-35.70,-43.20,-50.70,-58.20,-65.70,0.48,[0.45:0.51]
L-serine,N[C@@H](CO)C(O)=O,106.10,120.17,-1.03,-2.87,-5.42,-8.34,-9.79,-11.10,-12.19,-12.96,-6.70,-12.30,-23.70,-38.30,-46.50,-53.75551685,-59.9197468,-63.30875182,0.19,[0.17:0.21]
L-threonine,C[C@@H](O)[C@H](N)C(O)=O,120.00,122.42,-0.93,-2.39,-4.23,-6.08,-6.89,-7.48,-7.78,-7.73,-5.90,-10.90,-21.40,-35.00,-42.20,-49.53449499,-55.95411037,-60.47150192,-0.03,[-0.03:-0.01]
L-tryptophan,N[C@@H](Cc1c[nH]c2ccccc12)C(O)=O,205.10,145.46,0.22,0.06,0.01,0.42,0.80,1.38,2.14,3.09,-2.80,-5.60,-11.20,-17.80,-21.50,-25.30,-29.10,-30.50,-1.2,[-1.24:-1.2]
L-Tyrosine,N[C@@H](Cc1ccc(O)cc1)C(O)=O,182.10,140.75,0.37,-0.60,-1.60,-1.80,-1.90,-1.80,-1.40,-0.90,-3.50,-6.80,-13.40,-21.50,-26.10,-30.80,-35.70,-34.60,-2.59,[-2.59:-2.54]
L-Valine,CC(C)[C@H](N)C(O)=O,118.10,123.61,-0.65,-1.81,-3.23,-4.53,-4.99,-5.22,-5.04,-4.54,-5.90,-10.90,-20.90,-33.30,-40.10,-46.90,-51.10,-56.10,-0.24,[-0.25:-0.19]
Malic Acid,OC(CC(O)=O)C(O)=O,135.10,120.22,0.40,-1.54,-3.94,-5.50,-6.28,-7.09,-7.28,-7.42,-5.95,-11.20,-22.30,-36.00,-44.00,-52.10592441,-58.86125913,-63.04462708,0.71,[0.65:0.77]
Melamine,Nc1nc(N)nc(N)n1,127.10,119.54,-0.87,-1.79,-2.77,-3.56,-3.73,-3.65,-3.25,-2.48,-4.90,-8.80,-15.90,-25.50,-30.30,-34.60,-38.30,-40.70,-1.55,[-1.58:-1.52]
Melatonin,COc1ccc2[nH]cc(CCNC(C)=O)c2c1,233.10,148.86,0.56,1.07,1.91,3.28,4.29,5.66,7.26,9.09,-1.00,-2.20,-3.40,-4.10,-4.80,-5.50,-7.10,-8.90,-2.36,[-3.06:-1.66]
Meprobamate,CCCC(C)(COC(N)=O)COC(N)=O,219.10,143.16,0.22,0.83,1.78,3.56,5.38,7.20,8.94,10.44,-3.50,-6.50,-13.80,-22.00,-25.50,-27.70,-29.90,-29.70,-1.7,[-1.76:-1.64]
Methamphetamine,CN[C@@H](C)Cc1ccccc1,150.00,133.16,0.01,-0.21,-0.17,0.57,1.29,2.32,3.65,5.61,-3.55,-6.80,-12.70,-19.80,-23.30,-26.80,-29.90,-31.80,-1.5,[-2.86:-0.14]
Methylhistamine,CNCCc1c[nH]cn1,126.00,120.67,-0.86,-1.72,-2.46,-2.71,-2.44,-1.79,-0.67,0.91,-5.45,-10.10,-18.00,-24.70,-27.20,-28.50,-29.70,-28.60,0.43,[0.02:0.84]
Midazolam,Cc1ncc2CN=C(c3ccccc3F)c4cc(Cl)ccc4n12,326.10,172.96,0.46,1.00,1.98,3.53,4.50,5.74,7.15,8.83,-0.25,-1.00,-2.60,-5.40,-7.00,-8.20,-9.40,-9.80,-4.29,[-5.55:-3.03]
monoxidil,C1CCN(CC1)C2=NC(=N)N(C(=C2)N)O  ,210.10,143.03,0.02,0.11,0.39,1.12,1.76,2.54,3.57,4.87,-0.85,-2.10,-5.40,-9.80,-12.50,-15.30,-17.80,-19.90,-1.99,[-2.01:-1.97]
Morphine,CN1CC[C@]23[C@H]4Oc5c(O)ccc(C[C@@H]1[C@@H]2C=C[C@@H]4O)c35,286.10,160.19,0.33,0.75,1.46,2.52,3.23,4.15,5.25,6.52,-0.90,-2.20,-4.80,-8.00,-9.80,-11.50,-13.40,-15.10,-3.28,[-3.33:-3.23]
Naloxone,Oc1ccc2C[C@H]3N(CC[C@@]45[C@@H](Oc1c24)C(=O)CC[C@@]35O)CC=C,328.10,169.92,0.35,0.82,1.68,2.98,3.76,4.82,6.02,7.34,-0.45,-1.30,-2.20,-2.00,-1.60,-0.60,0.30,1.50,-2.56,[-3.73:-1.39]
Niacinamide (Nicotinamide),C1=CC(=CN=C1)C(=O)N  ,123.10,123.23,-1.09,-2.52,-4.21,-5.76,-6.35,-6.66,-6.62,-6.22,-4.20,-7.40,-12.60,-21.30,-26.70,-32.10,-37.00,-41.30,0.68,[0.59:0.69]
Nicotinic acid (Niacin),C1=CC(=CN=C1)C(=O)O  ,124.10,120.35,-1.06,-2.53,-4.31,-5.95,-6.58,-6.91,-6.92,-6.54,-6.65,-12.00,-20.90,-31.40,-37.60,-43.20,-48.69234587,-53.07758246,-0.85,[-0.97:-0.73]
Norbuprenorphine,CO[C@]12CC[C@@]3(C[C@@H]1[C@](C)(O)C(C)(C)C)[C@H]4Cc5ccc(O)c6O[C@@H]2[C@]3(CCN4)c56,414.30,193.22,0.77,1.48,2.48,3.79,4.66,5.77,7.00,8.47,0.55,0.60,-0.10,-1.20,-1.70,-2.70,-2.60,-3.10,-2.93,[-4.41:-1.45]
Norcodeine,COc1ccc2CC3NCCC45C(Oc1c24)C(O)C=CC35,286.10,166.20,0.32,0.75,1.47,2.52,3.24,4.15,5.26,6.52,-0.90,-2.20,-4.90,-7.90,-9.70,-11.50,-13.40,-15.00,-2.66,[-3.38:-1.94]
Normeperidine,CCOC(=O)C1(CCNCC1)c2ccccc2,234.10,154.13,0.40,0.91,1.90,3.59,4.72,6.11,7.72,9.60,-2.10,-4.20,-8.50,-13.80,-16.90,-20.00,-22.80,-25.20,-2.48,[-3.44:-1.52]
Noroxycodone HCL,COc1ccc2C[C@H]3NCC[C@@]45[C@@H](Oc1c24)C(=O)CC[C@@]35O,302.10,163.46,0.34,0.87,1.77,3.07,3.85,4.91,6.10,7.40,-0.70,-1.90,-3.90,-6.40,-7.80,-9.20,-10.80,-10.60,-2.54,[-3.22:-1.86]
Norsertraline HCL,N[C@H]1CC[C@@H](c2ccc(Cl)c(Cl)c2)c3ccccc13,292.06,162.64,0.37,1.14,2.24,3.37,3.98,5.15,6.72,8.73,-1.15,-2.40,-5.00,-7.90,-9.40,-11.00,-12.50,-13.80,-4.39,[-6.62:-2.07]
Nortriptyline,CNCCC=C1c2ccccc2CCc3ccccc13,264.00,164.10,0.35,0.85,1.71,3.09,4.07,5.30,6.81,8.59,-0.40,-1.40,-3.10,-5.60,-7.10,-8.50,-9.90,-10.40,-4,[-6.61:-1.39]
O-Desmethyl-cis-tramadol HCL,CN(C)CC1CCCCC1(C2=CC(=CC=C2)O)O  ,250.10,151.79,0.43,1.00,2.03,3.70,4.86,6.29,8.02,10.01,0.30,0.10,0.50,2.00,2.90,4.20,5.60,7.30,-1.94,[-2.5:-1.38]
Oxazepam,OC1N=C(c2ccccc2)c3cc(Cl)ccc3NC1=O,287.10,160.75,0.34,0.84,1.67,2.96,3.88,5.01,6.41,8.05,-1.65,-3.40,-6.30,-8.70,-9.60,-9.80,-10.00,-9.10,-3.95,[-4.03:-3.87]
Oxymorphone,CN1CC[C@]23[C@H]4Oc5c(O)ccc(C[C@@H]1[C@]2(O)CCC4=O)c35,302.10,161.06,0.38,0.88,1.75,3.09,3.86,4.93,6.12,7.49,-0.95,-2.20,-4.20,-6.20,-7.50,-9.50,-11.00,-10.70,-2.65,[-3.78:-1.52]
Pamaquine,CCN(CC)CCCC(C)Nc1cc(OC)cc2cccnc12,316.20,173.78,0.52,1.20,2.35,4.11,5.27,6.67,8.38,9.96,1.45,2.00,3.10,4.90,6.00,7.30,8.70,10.40,-3.62,[-4.42:-2.82]
Perphenazine,OCCN1CCN(CCCN2c3ccccc3Sc4ccc(Cl)cc24)CC1,404.20,192.00,0.82,1.42,2.48,4.30,5.47,6.71,8.24,10.06,1.50,2.10,3.10,4.60,5.60,6.80,8.00,9.50,-5.31,[-6.69:-3.98]
Phenacetin,CCOc1ccc(NC(C)=O)cc1,180.00,140.43,-0.08,-0.30,-0.30,0.36,1.04,2.01,3.32,5.05,-3.60,-6.70,-12.50,-20.50,-25.30,-29.90,-34.40,-38.20,-2.37,[-2.43:-2.31]
phenyltoloxamine,CN(C)CCOc1ccccc1Cc2ccccc2,256.20,153.69,0.38,0.94,2.01,3.79,5.05,6.66,8.60,10.88,0.80,0.90,1.60,3.30,4.40,5.80,7.40,9.30,-4,[-5.52:-2.48]
Prazosin,COC1=C(C=C2C(=C1)C(=NC(=N2)N3CCN(CC3)C(=O)C4=CC=CO4)N)OC  ,383.80,197.63,0.48,1.18,2.28,3.84,4.82,6.02,7.38,8.89,0.90,1.10,1.40,2.40,3.00,4.10,5.20,6.50,-3.68,[-5.2:-2.16]
Prednisolone,C[C@]12C[C@H](O)[C@H]3[C@@H](CCC4=CC(=O)C=C[C@]34C)[C@@H]1CC[C@]2(O)C(=O)CO,361.10,177.84,0.42,0.93,1.79,3.00,3.69,4.78,5.82,7.08,0.20,-0.30,-1.10,-1.70,-2.20,-2.40,-2.90,-3.70,-3.2,[-3.22:-3.18]
Progesterone,CC(=O)[C@H]1CC[C@H]2[C@@H]3CCC4=CC(=O)CC[C@]4(C)[C@H]3CC[C@]12C,315.20,172.02,0.21,0.65,1.42,2.53,3.19,4.10,5.13,6.30,-0.80,-1.80,-3.70,-5.60,-6.40,-6.80,-7.50,-7.80,-4.47,[-4.52:-4.42]
Propafenone,CCCNCC(O)COc1ccccc1C(=O)CCc2ccccc2,342.20,175.05,0.56,1.47,2.99,5.29,6.86,8.62,10.74,13.39,1.10,1.40,2.40,4.30,5.60,7.20,9.10,11.20,-3.58,[-4.74:-2.42]
Protriptyline,CNCCCC1c2ccccc2C=Cc3ccccc13,264.00,159.23,0.38,0.85,1.70,3.09,4.06,5.29,6.77,8.55,-1.00,-2.30,-5.10,-8.00,-9.40,-10.30,-11.10,-10.70,-4.9,[-6.74:-3.06]
Pseudoephedrine,CN[C@@H](C)[C@@H](O)c1ccccc1,166.10,134.85,-0.19,-0.51,-0.68,-0.29,0.24,1.03,2.14,3.65,-3.40,-6.50,-12.10,-19.00,-21.90,-24.10,-25.80,-25.70,-0.44,[-0.48:-0.43]
Pyridoxal,Cc1ncc(CO)c(C=O)c1O,168.10,127.49,0.40,-0.24,-0.82,-0.49,-0.13,0.37,1.63,3.00,-4.40,-8.20,-15.40,-23.90,-28.10,-31.60,-34.40,-34.70,0.43,[0.38:0.48]
Quinidine,COc1ccc2nccc([C@H](O)[C@H]3C[C@@H]4CCN3C[C@@H]4C=C)c2c1,325.20,174.71,0.52,1.19,2.30,4.00,5.11,6.40,7.91,9.40,-0.55,-1.50,-3.00,-4.00,-4.20,-3.00,-2.30,-0.80,-3.01,[-3.06:-2.96]
ranitidine,CNC(/NCCSCc1oc(CN(C)C)cc1)=C\[N+]([O-])=O,315.20,166.68,0.40,0.93,1.88,3.36,4.31,5.57,7.03,8.71,1.15,1.40,2.20,3.70,4.70,5.80,7.10,8.60,-1.89,[-3.3:-0.48]
Ritalinic Acid,OC(=O)C(C1CCCCN1)c2ccccc2,220.10,146.51,0.24,0.63,1.42,2.86,3.91,5.21,6.76,8.67,-2.95,-5.70,-10.10,-13.80,-15.20,-15.60,-16.00,-14.50,-1.55,[-2.17:-0.93]
Safranin O,Cc1cc2nc3cc(C)c(N)cc3[n+](c4ccccc4)c2cc1N,315.10,176.27,0.31,0.86,1.82,3.24,4.14,5.31,6.71,8.33,1.20,1.60,2.50,3.80,4.70,5.80,7.10,8.50,-4.2,[-7.55:-0.85]
Salbutamol,CC(C)(C)NCC(O)c1ccc(O)c(CO)c1,240.10,152.36,0.49,1.10,2.21,4.07,5.33,6.83,8.59,10.57,-0.70,-1.80,-3.60,-5.00,-5.50,-5.30,-5.00,-3.50,-1.22,[-1.27:-1.17]
Salicylic Acid,OC(=O)c1ccccc1O,139.00,120.55,-1.02,-1.80,-3.01,-4.69,-5.28,-5.65,-5.77,-5.66,-4.85,-8.80,-20.10,-29.00,-35.00,-40.91185691,-46.51998909,-51.87398925,-0.97,[-1.83:-0.11]
Sarcosine,CNCC(O)=O,89.80,116.51,-0.83,-2.97,-6.05,-9.43,-11.04,-12.47,-13.64,-14.51,-7.60,-13.90,-26.50,-41.50,-49.21669014,-56.81981791,-63.36415002,-67.94337797,0.53,[0.51:0.55]
Selegiline,C[C@H](Cc1ccccc1)N(C)CC#C,188.10,139.81,0.23,0.69,1.79,3.94,5.51,7.41,9.67,12.30,-1.80,-3.50,-4.50,-3.90,-2.60,-0.10,1.70,3.80,-4.34,[-4.35:-4.2]
Sotalol,CC(C)NCC(O)c1ccc(N[S](C)(=O)=O)cc1,273.10,162.81,0.45,1.05,2.08,3.64,4.70,6.01,7.58,9.38,0.30,0.00,0.10,0.90,1.30,1.90,2.40,3.20,-2.25,[-2.81:-1.69]
Sulfadiazine,Nc1ccc(cc1)[S](=O)(=O)Nc2ncccn2,251.10,153.36,0.05,0.29,0.68,1.39,2.03,2.87,3.97,5.38,-1.95,-3.90,-6.20,-7.70,-8.10,-7.80,-7.60,-5.30,-3.48,[-3.53:-3.43]
Sulfamerazine,Cc1ccnc(N[S](=O)(=O)c2ccc(N)cc2)n1,265.00,156.29,0.28,0.69,1.45,2.68,3.53,4.64,6.03,7.60,-0.95,-2.10,-3.50,-3.60,-3.50,-1.90,-0.80,0.60,-2.4,[-2.47:-2.4]
Sulfamethazine (Sulfadimidine),Cc1cc(C)nc(N[S](=O)(=O)c2ccc(N)cc2)n1,278.90,159.81,0.44,0.86,1.71,3.14,4.05,5.31,6.81,8.48,0.05,-0.40,-0.60,0.10,1.10,2.20,3.40,4.90,-2.36,[-2.41:-2.31]
Sulpiride,CCN1CCCC1CNC(=O)c2cc(ccc2OC)[S](N)(=O)=O,342.10,185.45,0.35,0.87,1.76,3.08,3.90,4.98,6.18,7.59,1.30,1.80,2.50,3.80,4.60,5.60,6.70,8.10,-2.88,[-2.92:-2.84]
Tamoxifen,CC/C(c1ccccc1)=C(c2ccccc2)/c3ccc(OCCN(C)C)cc3,372.10,200.25,0.59,1.52,2.99,5.13,6.52,8.06,9.85,11.98,0.05,-0.50,-1.80,-3.10,-3.70,-3.80,-3.80,-2.40,-5.32,[-7.1:-3.54]
Tapentadol,CC[C@H]([C@@H](C)CN(C)C)c1cccc(O)c1,222.10,148.12,0.33,0.86,1.89,3.75,5.08,6.69,8.61,10.84,0.20,-0.10,0.40,2.10,3.10,4.50,6.10,8.00,-3.54,[-4.47:-2.44]
Taurocholic Acid,C[C@H](CCC(=O)NCC[S](O)(=O)=O)[C@H]1CC[C@H]2[C@@H]3[C@H](O)C[C@@H]4C[C@H](O)CC[C@]4(C)[C@H]3C[C@H](O)[C@]12C,516.30,195.22,0.85,1.82,3.42,5.76,7.34,9.24,11.55,14.18,0.65,0.50,-0.20,-1.10,-1.60,-1.70,-2.10,-2.20,-4.17,[-5.2:-3.14]
Temazepam,CN1C(=O)C(O)N=C(c2ccccc2)c3cc(Cl)ccc13,301.10,164.26,0.30,0.91,1.96,3.44,4.30,5.60,7.03,8.60,-0.70,-1.70,-3.50,-4.80,-5.10,-4.70,-3.50,-2.30,-5.42,[-6.9:-3.94]
Terbutaline,CC(C)(C)NCC(O)c1cc(O)cc(O)c1,226.10,151.34,0.44,1.07,2.20,4.07,5.35,6.86,8.64,10.69,-1.85,-3.80,-6.60,-8.40,-9.00,-8.60,-8.30,-6.60,-1.33,[-2.35:-0.31]
Terfenadine,CC(C)(C)c1ccc(cc1)C(O)CCCN2CCC(CC2)C(O)(c3ccccc3)c4ccccc4,472.30,231.07,0.75,1.53,2.77,4.49,5.59,6.84,8.35,9.99,1.45,2.00,2.80,4.00,4.90,6.00,7.30,8.70,-6.69,[-6.69:-6.59]
Testosterone,C[C@]12CC[C@H]3[C@@H](CCC4=CC(=O)CC[C@]34C)[C@@H]1CC[C@@H]2O,289.20,163.83,0.31,0.77,1.60,2.86,3.55,4.58,5.70,6.92,-0.85,-1.90,-4.00,-5.60,-6.40,-6.80,-7.60,-7.90,-4.04,[-4.15:-3.93]
Thymine,CC1=CNC(=O)NC1=O,127.10,118.31,-0.86,-1.79,-2.73,-3.47,-3.81,-3.86,-3.55,-2.76,-5.10,-9.30,-16.00,-24.60,-27.20,-28.30,-29.80,-29.70,-1.51,[-1.54:-1.48]
Tolbutamide,CCCCNC(=O)N[S](=O)(=O)c1ccc(C)cc1,271.10,164.91,-0.07,0.47,1.38,2.66,3.77,5.35,6.94,8.70,-1.80,-3.50,-6.60,-9.60,-11.20,-12.50,-14.20,-15.00,-3.42,[-3.46:-3.38]
Tramadol,CN(C)C[C@H]1CCCC[C@@]1(C2=CC(=CC=C2)OC)O  ,264.20,158.29,0.54,1.20,2.36,4.23,5.49,7.02,8.85,10.95,0.80,0.90,1.70,3.50,4.60,6.00,7.50,9.30,-4.05,[-4.69:-3.41]
Urapidil,COc1ccccc1N2CCN(CCCNC3=CC(=O)N(C)C(=O)N3C)CC2,388.20,184.83,0.65,1.17,2.06,3.51,4.47,5.54,6.85,8.43,1.30,1.80,2.50,3.70,4.40,5.40,6.60,7.90,-2.44,[-4.09:-0.79]
Uridine,OC[C@H]1O[C@H]([C@H](O)[C@@H]1O)N2C=CC(=O)NC2=O,245.10,147.41,-0.60,0.50,1.20,0.60,1.00,2.10,2.80,3.50,-1.90,-3.90,-7.00,-11.00,-13.80,-16.20,-19.20,-20.30,-1.47,[-3.17:0.23]
Vamidothion,CNC(=O)C(C)SCCS[P](=O)(OC)OC,288.05,156.35,-0.05,0.50,1.53,3.36,4.60,6.07,7.75,9.63,-1.49,-2.63,-4.09,-5.55,-5.64,-5.65,-5.11,-3.89,0.84,[0.76:0.84]
Verapamil,COc1ccc(CCN(C)CCCC(C#N)(C(C)C)c2ccc(OC)c(OC)c2)cc1OC,455.30,217.97,1.03,1.97,3.57,6.04,7.66,9.51,10.23,12.50,1.60,2.30,3.60,5.60,6.80,8.40,10.20,12.10,-5.53,[-6.61:-4.45]
Vigabatrin,NC(CCC(O)=O)C=C,130.00,124.14,-0.99,-2.04,-3.04,-3.61,-3.57,-3.10,-2.20,-0.89,-6.45,-11.80,-21.60,-32.40,-37.20,-41.00,-44.00,-45.10,0.74,[0.41:1.07]
Warfarin,CC(=O)CC(c1ccccc1)C2=C(O)Oc3ccccc3C2=O,309.10,168.89,0.35,1.13,2.43,4.20,5.32,6.91,8.68,10.55,-1.60,-3.40,-8.30,-11.50,-12.60,-12.80,-12.90,-11.50,-4.02,[-4.06:-3.98]
Xanthine,O=C1NC(=O)c2[nH]cnc2N1,153.10,129.64,-0.15,-0.98,-1.96,-2.70,-3.01,-3.17,-3.15,-2.89,-5.30,-9.80,-19.40,-32.40,-39.10,-46.02661129,-51.59434727,-54.52894719,-3.33,[-3.38:-3.28]
Zolpidem,CN(C)C(=O)Cc1n2cc(C)ccc2nc1c3ccc(C)cc3,308.00,176.17,0.33,0.86,1.79,3.25,4.20,5.39,6.81,8.64,-0.35,-1.10,-2.20,-2.50,-2.30,-1.10,-0.10,1.10,-4.82,[-5.6:-4.04]
